fecha,titulo,autor(a),categoria,enlace
2023-03-10,Activista puesto de liderato en la juventud del partido MVC,Metro Puerto Rico,Noticias,https://www.metro.pr/noticias/2023/03/10/activista-puesto-de-liderato-en-la-juventud-del-partido-mvc/
2023-03-10,No paran las muertes por COVID: Salud reporta tres decesos más en la isla,Metro Puerto Rico,Noticias,https://www.metro.pr/noticias/2023/03/10/no-paran-las-muertes-por-covid-salud-reporta-tres-decesos-mas-en-la-isla/
2023-03-10,Fuerte sismo sacude a Colombia en plena madrugada,Publimetro Colombia,Noticias,https://www.metro.pr/noticias/2023/03/10/fuerte-sismo-sacude-a-colombia-en-plena-madrugada/
2023-03-10,Polvo y contaminación reducen calidad del aire en Beijing,AP,Noticias,https://www.metro.pr/noticias/2023/03/10/polvo-y-contaminacion-reducen-calidad-del-aire-en-beijing/
2023-03-10,Xi Jinping obtiene un tercer periodo al frente de China,AP,Noticias,https://www.metro.pr/noticias/2023/03/10/xi-jinping-obtiene-un-tercer-periodo-al-frente-de-china/
2023-03-10,Xi Jinping obtiene un tercer periodo como presidente de China,AP,Noticias,https://www.metro.pr/noticias/2023/03/10/xi-jinping-obtiene-un-tercer-periodo-como-presidente-de-china/
2023-03-10,Gobierno otorga préstamo a Indulac para que renueve su planta procesadora de leche ,Metro Puerto Rico,Noticias,https://www.metro.pr/noticias/2023/03/10/gobierno-otorga-prestamo-a-indulac-para-que-renueve-su-planta-procesadora-de-leche/
2023-03-10,"Jenniffer González presenta medida para la protección cultivos de plátano, guineos y cacao",Metro Puerto Rico,Noticias,https://www.metro.pr/noticias/2023/03/10/jenniffer-gonzalez-presenta-medida-para-la-proteccion-cultivos-de-platano-guineos-y-cacao/
2023-03-10,Hombre resulta herido de bala mientras se bajaba de un Uber en Carolina ,Metro Puerto Rico,Noticias,https://www.metro.pr/noticias/2023/03/10/hombre-resulta-herido-de-bala-mientras-se-bajaba-de-un-uber-en-carolina/
2023-03-10,Fianza $100 mil contra joven por robarle auto a maestra en Peñuelas,Metro Puerto Rico,Noticias,https://www.metro.pr/noticias/2023/03/10/fianza-100-mil-contra-joven-por-robarle-auto-a-maestra-en-penuelas/
2023-03-10,"Agresor en Alemania disparó y mató a ocho personas, luego se quitó la vida",AP,Noticias,https://www.metro.pr/noticias/2023/03/10/un-tiroteo-deja-varios-muertos-en-una-iglesia-en-alemania/
2023-03-10,Mujer herida de bala mientras transitaba con su novio por Santurce,Metro Puerto Rico,Noticias,https://www.metro.pr/noticias/2023/03/10/mujer-herida-de-bala-mientras-transitaba-con-su-novio-por-santurce/
2023-03-10,LUMA busca combatir los casos de estafas a través de llamadas telefónicas ,Metro Puerto Rico,Noticias,https://www.metro.pr/noticias/2023/03/10/luma-busca-combatir-los-casos-de-estafas-a-traves-de-llamadas-telefonicas/
2023-03-10,Accidente con camión volcado en la PR-30 de Caguas hacia Humacao,Metro Puerto Rico,Noticias,https://www.metro.pr/noticias/2023/03/10/accidente-con-camion-volcado-en-la-pr-30-de-caguas-hacia-humacao/
2023-03-10,Mujer agrede a guardia por no querer usar mascarilla en hospital de Santurce,Metro Puerto Rico,Noticias,https://www.metro.pr/noticias/2023/03/10/mujer-agrede-a-guardia-por-no-querer-usar-mascarilla-en-hospital-de-santurce/
2023-03-10,Pierluisi rechaza proyecto sobre el aborto radicado en la Cámara ,Metro Puerto Rico,Noticias,https://www.metro.pr/noticias/2023/03/10/pierluisi-rechaza-proyecto-sobre-el-aborto-radicado-en-la-camara/
2023-03-10,Rompen plancha de ‘zinc’ para robar en un taller de Cayey,Metro Puerto Rico,Noticias,https://www.metro.pr/noticias/2023/03/10/rompen-plancha-de-zinc-para-robar-en-un-taller-de-cayey/
2023-03-10,Alcalde de Humacao se declara culpable en su caso por corrupción ,Metro Puerto Rico,Noticias,https://www.metro.pr/noticias/2023/03/10/alcalde-de-humacao-se-declara-culpable-en-su-caso-por-corrupcion/
2023-03-10,Se llevan hasta las luces navideñas de una casa en San Lorenzo,Metro Puerto Rico,Noticias,https://www.metro.pr/noticias/2023/03/10/se-llevan-hasta-las-luces-navidenas-de-una-casa-en-san-lorenzo/
2023-03-10,Robo en los predios de una gallera en Moca,Metro Puerto Rico,Noticias,https://www.metro.pr/noticias/2023/03/10/robo-en-los-predios-de-una-gallera-en-moca/
2023-03-09,Australia comprará submarinos de propulsión nuclear de EEUU,AP,Noticias,https://www.metro.pr/noticias/2023/03/09/australia-comprara-submarinos-de-propulsion-nuclear-de-eeuu/
2023-03-09,México: presidente dice que el fentanilo es problema de EEUU,AP,Noticias,https://www.metro.pr/noticias/2023/03/09/mexico-presidente-dice-que-el-fentanilo-es-problema-de-eeuu/
2023-03-09,"Por fraude, 10 años de prisión a exbanquero de Goldman Sachs",AP,Noticias,https://www.metro.pr/noticias/2023/03/09/por-fraude-10-anos-de-prision-a-exbanquero-de-goldman-sachs/
2023-03-09,Muere 3ra persona herida en estampida en concierto de rap,AP,Noticias,https://www.metro.pr/noticias/2023/03/09/muere-3ra-persona-herida-en-estampida-en-concierto-de-rap/
2023-03-09,Fallo dividido para exejecutivos de Fox en caso de sobornos,AP,Noticias,https://www.metro.pr/noticias/2023/03/09/fallo-dividido-para-exejecutivos-de-fox-en-caso-de-sobornos/
2023-03-09,Wall Street sufre otra caída por inquietudes sobre tasas,AP,Noticias,https://www.metro.pr/noticias/2023/03/09/wall-street-sufre-otra-caida-por-inquietudes-sobre-tasas/
2023-03-09,Crupieres piden prohibir fumar en casinos de Atlantic City,AP,Noticias,https://www.metro.pr/noticias/2023/03/10/crupieres-piden-prohibir-fumar-en-casinos-de-atlantic-city/
2023-03-09,Policía controla disturbios en Old Trafford,AP,Noticias,https://www.metro.pr/noticias/2023/03/10/policia-controla-disturbios-en-old-trafford/
2023-03-09,Mascarilla promete salvar el cabello largo ,Metro Puerto Rico,Noticias,https://www.metro.pr/metro-negocios/2023/03/09/mascarilla-promete-salvar-el-cabello-largo/
2023-03-09,Nueva mascara promete cuidar más las pestañas  ,Metro Puerto Rico,Noticias,https://www.metro.pr/metro-negocios/2023/03/09/nueva-mascara-promete-cuidar-mas-las-pestanas/
2023-03-09,Biden presenta su plan presupuestario para 2024,AP,Noticias,https://www.metro.pr/noticias/2023/03/09/biden-presenta-su-plan-presupuestario-para-2024/
2023-03-09,Kim supervisa ejercicio de artillería que simuló ataque,AP,Noticias,https://www.metro.pr/noticias/2023/03/10/kim-supervisa-ejercicio-de-artilleria-que-simulo-ataque/
2023-03-09,BDE recibe asignación adicional de $100 millones de fondos CDBG-DR  ,Cybernews,Noticias,https://www.metro.pr/noticias/2023/03/09/bde-recibe-asignacion-adicional-de-100-millones-de-fondos-cdbg-dr/
2023-03-09,Tip planillero: ¿Qué deducir si trabajo por cuenta propia?, Colegio de CPA,Noticias,https://www.metro.pr/estilo-vida/2023/03/09/tip-planillero-que-deducir-si-trabajo-por-cuenta-propia/
2023-03-09,Estos son los pueblos favoritos de usuarios Airbnb en Puerto Rico,Metro Puerto Rico,Noticias,https://www.metro.pr/noticias/2023/03/09/estos-son-los-pueblos-favoritos-de-usuarios-airbnb-en-puerto-rico/
2023-03-09,FEMA asigna más de $5 millones para reparar malecones y paseos tablados en la isla,Metro Puerto Rico,Noticias,https://www.metro.pr/noticias/2023/03/09/fema-asigna-mas-de-5-millones-para-reparar-malecones-y-paseos-tablados-en-la-isla/
2023-03-07,Industria turística: pieza clave para alcanzar la igualdad de género en el Caribe y Latinoamérica,Metro Puerto Rico,Noticias,https://www.metro.pr/metro-negocios/2023/03/07/industria-turistica-pieza-clave-para-alcanzar-la-igualdad-de-genero-en-el-caribe-y-latinoamerica/
2023-03-06,UPR firma acuerdo con AFI para poner en marcha proyectos recuperación tras María ,Metro Puerto Rico,Noticias,https://www.metro.pr/noticias/2023/03/06/upr-firma-acuerdo-con-afi-para-poner-en-marcha-proyectos-recuperacion-tras-maria/
2023-03-03,Abre primer Pasta to go con servicarro,Sabrosía Puerto Rico,Noticias,https://www.metro.pr/noticias/2023/03/03/abre-primer-pasta-to-go-con-servicarro/
2023-03-02,Tip planillero: ¿Cuál es mi estatus contributivo al radicar la planilla 2022?, Colegio de Contadores Públicos Autorizados,Noticias,https://www.metro.pr/estilo-vida/2023/03/02/tip-planillero-cual-es-mi-estatus-contributivo-al-radicar-la-planilla-2022/
2023-03-02,Presentan proyecto para bajar las tasas contributivas en la isla,Metro Puerto Rico,Noticias,https://www.metro.pr/noticias/2023/03/02/presentan-proyecto-para-bajar-las-tasas-contributivas-en-la-isla/
2023-03-01,"Entre ¢86 y ¢89 la gasolinera regular para este miércoles, según DACO",Metro Puerto Rico,Noticias,https://www.metro.pr/noticias/2023/03/01/entre-86-y-89-la-gasolinera-regular-para-este-miercoles-segun-daco/
2023-03-01,Liberty Foundation y Grupo Guayacán impactan 100 empresas alrededor de la isla ,Metro Puerto Rico,Noticias,https://www.metro.pr/noticias/2023/03/01/liberty-foundation-y-grupo-guayacan-impactan-100-empresas-alrededor-de-la-isla/
2023-03-01,Tip Planillero: ¿Qué créditos están disponibles en la planilla del 2022?, Colegio de CPA,Noticias,https://www.metro.pr/noticias/2023/03/01/tip-planillero-que-creditos-estan-disponibles-en-la-planilla-del-2022/
2023-02-28,Enfermedades raras: urgen equidad y acceso a tratamientos para pacientes,Metro Puerto RicoMetro Puerto Rico,Noticias,https://www.metro.pr/metro-negocios/2023/02/28/enfermedades-raras-urgen-equidad-y-acceso-a-tratamientos-para-pacientes/
2023-02-28,Presentan medida para que no se cobre IVU en el casco urbano de Río Piedras  ,Metro Puerto Rico,Noticias,https://www.metro.pr/noticias/2023/02/28/presentan-medida-para-que-no-se-cobre-ivu-en-el-casco-urbano-de-rio-piedras/
2023-02-23,DACO inspeccionará estacionamientos públicos a través de toda la isla,Metro Puerto Rico,Noticias,https://www.metro.pr/noticias/2023/02/23/daco-inspeccionara-estacionamientos-publicos-a-traves-de-toda-la-isla/
2023-02-23,La Concha anuncia alianza con Marriott para renovar el hotel ,Metro Puerto Rico,Noticias,https://www.metro.pr/noticias/2023/02/23/la-concha-anuncia-alianza-con-marriott-para-renovar-el-hotel/
2023-02-23,Piden aprobar proyecto de ley que paga incentivos a contribuyentes para mitigar aumento en tasa de inflación  ,Metro Puerto Rico,Noticias,https://www.metro.pr/noticias/2023/02/23/piden-aprobar-proyecto-de-ley-que-paga-incentivos-a-contribuyentes-para-mitigar-aumento-en-tasa-de-inflacion/
2023-02-16,Forbes Travel Guide otorga 5 estrellas a The St Regis Bahía Beach Resort y a su Iridium Spa, Comunicado,Noticias,https://www.metro.pr/metro-negocios/2023/02/16/forbes-travel-guide-otorga-5-estrellas-a-the-st-regis-bahia-beach-resort-y-a-su-iridium-spa/
2023-02-16,¡Celebremos todo el mes de febrero!,Metro Puerto Rico,Noticias,https://www.metro.pr/metro-negocios/2023/02/16/celebremos-todo-el-mes-de-febrero/
2023-02-13,"Evolución de Ventas, tema central del 2023 SME SALES SUMMIT",Metro Puerto Rico,Noticias,https://www.metro.pr/metro-negocios/2023/02/13/evolucion-de-ventas-tema-central-del-2023-sme-sales-summit/
2023-02-02,T-Mobile anuncia ofertas con el nuevo Samsung Galaxy S23,Metro Puerto Rico,Noticias,https://www.metro.pr/metro-negocios/2023/02/02/t-mobile-anuncia-ofertas-con-el-nuevo-samsung-galaxy-s23/
2023-01-20,ASC recibe la prestigiosa certificación  Great Place To Work™ 2022-2023 en el Caribe y Centroamérica,Metro Puerto Rico,Noticias,https://www.metro.pr/metro-negocios/2023/01/20/asc-recibe-la-prestigiosa-certificacion-great-place-to-work-2022-2023-en-el-caribe-y-centroamerica/
2023-01-17,Nuevo presidente en firma operadora de hoteles en Puerto Rico,Metro Puerto Rico,Noticias,https://www.metro.pr/metro-negocios/2023/01/17/nuevo-presidente-en-firma-operadora-de-hoteles-en-puerto-rico/
2023-01-17,Evento de “speed networking” busca fortalecer  el ecosistema empresarial aguadillana,Metro Puerto Rico,Noticias,https://www.metro.pr/metro-negocios/2023/01/17/evento-de-speed-networking-busca-fortalecer-el-ecosistema-empresarial-aguadillana/
2023-01-16,Condom World planifica seguir expandiendo su presencia en Florida,Metro Puerto Rico,Noticias,https://www.metro.pr/metro-negocios/2023/01/16/condom-world-planifica-seguir-expandiendo-su-presencia-en-florida/
2023-01-04,"Toyota cierra el 2022 con 37,214 unidades vendidas en Puerto Rico",Metro Puerto Rico,Noticias,https://www.metro.pr/metro-negocios/2023/01/04/toyota-cierra-el-2022-con-37214-unidades-vendidas-en-puerto-rico/
2022-12-22,"Popular Auto Charity Golf Classic recauda $400,000 en su 25 aniversario",Metro Puerto Rico,Noticias,https://www.metro.pr/metro-negocios/2022/12/22/popular-auto-charity-golf-classic-recauda-400000-en-su-25-aniversario/
2022-12-20,La FDA de los Estados Unidos aprueba VRAYLAR® (cariprazina) como tratamiento adyuvante para el trastorno depresivo mayor,Metro Puerto Rico,Noticias,https://www.metro.pr/metro-negocios/2022/12/21/la-fda-de-los-estados-unidos-aprueba-vraylar-cariprazina-como-tratamiento-adyuvante-para-el-trastorno-depresivo-mayor/
2023-03-10,“Lo tenían en el olvido”: Buscan devolverle la magia al balneario de Boquerón , Keisha R. Vera Soto,Noticias,https://www.metro.pr/noticias/2023/03/09/lo-tenian-en-el-olvido-buscan-devolverle-la-magia-al-balneario-de-boqueron/
2023-03-10,Alegan irregularidades en caso de exayudante del alcalde de San Sebastián, Agustin Criollo,Noticias,https://www.metro.pr/noticias/2023/03/10/alegan-irregularidades-en-caso-de-exayudante-del-alcalde-de-san-sebastian/
2023-03-10,Fallece conductor tras accidente en Aguadilla ,Metro Puerto Rico,Noticias,https://www.metro.pr/noticias/2023/03/10/fallece-conductor-tras-accidente-en-aguadilla/
2023-03-10,Matan a hombre de 28 años frente a colmado en Juana Díaz,Metro Puerto Rico,Noticias,https://www.metro.pr/noticias/2023/03/10/matan-a-hombre-de-28-anos-frente-a-colmado-en-juana-diaz/
2023-03-10,Se roban 20 cilindros de gas en ferretería de Cidra ,Metro Puerto Rico,Noticias,https://www.metro.pr/noticias/2023/03/10/se-roban-20-cilindros-de-gas-en-ferreteria-de-cidra/
2023-03-10,Asesinan a dos jóvenes de 20 años en residencial de Yauco,Metro Puerto Rico,Noticias,https://www.metro.pr/noticias/2023/03/10/asesinan-a-dos-jovenes-de-20-anos-en-residencial-de-yauco/
2023-03-09,Puntos básicos en la demanda contra Fox News sobre Trump,AP,Noticias,https://www.metro.pr/noticias/2023/03/09/puntos-basicos-en-la-demanda-contra-fox-news-sobre-trump/
2023-03-09,GM ofrece retiro voluntario a trabajadores asalariados,AP,Noticias,https://www.metro.pr/noticias/2023/03/09/gm-ofrece-retiro-voluntario-a-trabajadores-asalariados/
2023-03-09,Nicaragua: preocupa el cierre de dos universidades privadas,AP,Noticias,https://www.metro.pr/noticias/2023/03/09/nicaragua-preocupa-el-cierre-de-dos-universidades-privadas/
2023-03-09,"Desaparece el fenómeno meteorológico “La Niña”, responsable de aumentar la actividad de huracanes en el Atlántico",AP,Noticias,https://www.metro.pr/noticias/2023/03/09/desaparece-el-fenomeno-meteorologico-la-nina-responsable-de-aumentar-la-actividad-de-huracanes-en-el-atlantico/
2023-03-09,ACT anuncia trabajos en el expreso Martínez Nadal,Metro Puerto Rico,Noticias,https://www.metro.pr/noticias/2023/03/10/act-anuncia-trabajos-en-el-expreso-martinez-nadal/
2023-03-09,Burlington anuncia la apertura de nuevas tiendas en Puerto Rico,Metro Puerto Rico,Noticias,https://www.metro.pr/noticias/2023/03/10/burlington-anuncia-la-apertura-de-nuevas-tiendas-en-puerto-rico/
2023-03-09,Buscan a sujeto que supuestamente timó a ocho personas con hacerles gabinetes,Cybernews,Noticias,https://www.metro.pr/noticias/2023/03/10/buscan-a-sujeto-que-supuestamente-timo-a-ocho-personas-con-hacerles-gabinetes/
2023-03-09,Cerrarán carril en la PR-52 por trabajos de rehabilitación,Metro Puerto Rico,Noticias,https://www.metro.pr/noticias/2023/03/10/cerraran-carril-en-la-pr-52-por-trabajos-de-rehabilitacion/
2023-03-09,Mujer agrede con arma blanca a sexagenario en guagua pública en Santurce,Metro Puerto Rico,Noticias,https://www.metro.pr/noticias/2023/03/09/mujer-agrede-con-arma-blanca-a-sexagenario-en-guagua-publica-en-santurce/
2023-03-09,A la vuelta de la esquina alianza del MVC y el PIP, Nilda Núñez Lamboy,Noticias,https://www.metro.pr/noticias/2023/03/09/a-la-vuelta-de-la-esquina-alianza-del-mvc-y-el-pip/
2023-03-08,Detienen a varias personas de estatus migratorio no definido en playa de Vega Baja,Metro Puerto Rico,Noticias,https://www.metro.pr/noticias/2023/03/08/detienen-a-varias-personas-de-estatus-migratorio-no-definido-en-playa-de-vega-baja/
2023-03-08,ONU: Afganistán es el país más represivo para las mujeres,AP,Noticias,https://www.metro.pr/noticias/2023/03/08/onu-afganistan-es-el-pais-mas-represivo-para-las-mujeres/
2023-03-08,Policía cierra caso de Celivelys Rivera y al momento descarta que se trate de violencia doméstica,Metro Puerto Rico,Noticias,https://www.metro.pr/noticias/2023/03/08/policia-cierra-caso-de-celivelys-rivera-y-al-momento-descarta-que-se-trate-de-violencia-domestica/
2023-03-08,Se roban hasta un juego de ollas de residencia en Salinas,Metro Puerto Rico,Noticias,https://www.metro.pr/noticias/2023/03/08/se-roban-hasta-un-juego-de-ollas-de-residencia-en-salinas/
2023-03-08,Gobierno busca empresa privada que construya y opere nueva planta de generación de energía ,Metro Puerto Rico,Noticias,https://www.metro.pr/noticias/2023/03/08/gobierno-busca-empresa-privada-que-construya-y-opere-nueva-planta-de-generacion-de-energia/
2023-03-08,Vinculan a “Bubu” con varios delitos pero al momento no tiene expediente criminal,Metro Puerto Rico,Noticias,https://www.metro.pr/noticias/2023/03/08/vinculan-a-bubu-con-varios-delitos-pero-al-momento-no-tiene-expediente-criminal/
2023-03-08,Biden busca reducir déficit en casi 3 billones de dólares,AP,Noticias,https://www.metro.pr/noticias/2023/03/09/biden-busca-reducir-deficit-en-casi-3-billones-de-dolares/
2023-03-08,Senado de EEUU bloquea leyes de D.C. contra delincuencia,AP,Noticias,https://www.metro.pr/noticias/2023/03/09/senado-de-eeuu-bloquea-leyes-de-dc-contra-delincuencia/
2023-03-08,Amiga avisó a policía de estadounidenses plagiados en México,AP,Noticias,https://www.metro.pr/noticias/2023/03/09/amiga-aviso-a-policia-de-estadounidenses-plagiados-en-mexico/
2023-03-08,Primer ministro polaco defiende a San Juan Pablo II,AP,Noticias,https://www.metro.pr/noticias/2023/03/09/primer-ministro-polaco-defiende-a-san-juan-pablo-ii/
2023-03-08,Wall Street cierra mixta un día después de fuerte caída,AP,Noticias,https://www.metro.pr/noticias/2023/03/08/wall-street-cierra-mixta-un-dia-despues-de-fuerte-caida/
2023-03-08,Cargos contra sujetos que dispararon contra varios agentes en el expreso PR-53,Metro Puerto Rico,Noticias,https://www.metro.pr/noticias/2023/03/09/cargos-contra-sujetos-que-dispararon-contra-varios-agentes-en-el-expreso-pr-53/
2023-03-08,Arrestan a hombre que realizó disparos al aire para ahuyentar gallinas en Aguas Buenas,Metro Puerto Rico,Noticias,https://www.metro.pr/noticias/2023/03/08/arrestan-a-hombre-que-realizo-disparos-al-aire-para-ahuyentar-gallinas-en-aguas-buenas/
2023-03-08,Buscan a hombre de 41 años por asesinato en Gurabo,Metro Puerto Rico,Noticias,https://www.metro.pr/noticias/2023/03/09/buscan-a-hombre-de-41-anos-por-asesinato-en-gurabo/
2023-03-08,Joe Biden propone impuesto a los ricos para salvar el Medicare,AP,Noticias,https://www.metro.pr/noticias/2023/03/08/joe-biden-propone-impuesto-a-los-ricos-para-salvar-el-medicare/
2023-03-08,PFEI archiva caso contra el alcalde de Aguadilla,Metro Puerto Rico,Noticias,https://www.metro.pr/noticias/2023/03/08/pfei-archiva-caso-contra-el-alcalde-de-aguadilla/
2023-03-08,Intervienen con 60 personas que pretendían entrar ilegalmente por las costas Aguadilla ,Metro Puerto Rico,Noticias,https://www.metro.pr/noticias/2023/03/08/intervienen-con-60-personas-que-pretendian-entrar-ilegalmente-por-las-costas-aguadilla/
2023-03-08,Pierluisi pide a Salud federal que retrase implantación de tarifas de planes Advantage y evitar millonario recorte ,Metro Puerto Rico,Noticias,https://www.metro.pr/noticias/2023/03/08/pierluisi-pide-a-salud-federal-que-retrase-implantacion-de-tarifas-de-planes-advantage-y-evitar-millonario-recorte/
2023-03-08,Buscan fondos federales para realizar mejoras a la infraestructura portuaria de San Juan,Metro Puerto Rico,Noticias,https://www.metro.pr/noticias/2023/03/08/buscan-fondos-federales-para-realizar-mejoras-a-la-infraestructura-portuaria-de-san-juan/
2023-03-08,Taiwán sospecha que barcos chinos cortaron internet a islas,AP,Noticias,https://www.metro.pr/noticias/2023/03/08/taiwan-sospecha-que-barcos-chinos-cortaron-internet-a-islas/
2023-03-08,Cargos contra hombre que entró a apartamento para robar mientras trabajaba sobre un andamio,Metro Puerto Rico,Noticias,https://www.metro.pr/noticias/2023/03/08/cargos-contra-hombre-que-entro-a-apartamento-para-robar-mientras-trabajaba-sobre-un-andamio/
2023-03-08,Unidad 2 de la Central Aguirre entra en operación ,Cybernews,Noticias,https://www.metro.pr/noticias/2023/03/08/unidad-2-de-la-central-aguirre-entra-en-operacion/
2023-03-08,Estos son los municipios del oeste que están sin agua por avería en línea de aguas crudas en Mayagüez,Metro Puerto Rico,Noticias,https://www.metro.pr/noticias/2023/03/08/estos-son-los-municipios-del-oeste-que-estan-sin-agua-por-averia-en-linea-de-aguas-crudas-en-mayaguez/
2023-03-08,Animales del zoológico de Mayagüez y Cambalache ya comenzaron a ser trasladados,Cybernews,Noticias,https://www.metro.pr/noticias/2023/03/08/animales-del-zoologico-de-mayaguez-y-cambalache-ya-comenzaron-a-ser-trasladados/
2023-03-08,Representantes del PNP piden a Joe Biden que impida reducción de fondos a Planes Advantage,Metro Puerto Rico,Noticias,https://www.metro.pr/noticias/2023/03/08/representantes-del-pnp-piden-a-joe-biden-que-impida-reduccion-de-fondos-a-planes-advantage/
2023-03-08,Aún sin nombrar director ejecutivo Genera PR, Agustin Criollo,Noticias,https://www.metro.pr/noticias/2023/03/08/aun-sin-nombrar-director-ejecutivo-genera-pr/
2023-03-08,Fianza $5 mil contra hombre por agredir a su padre y dejarlo inconsciente en Cidra,Metro Puerto Rico,Noticias,https://www.metro.pr/noticias/2023/03/08/fianza-5-mil-contra-hombre-por-agredir-a-su-padre-y-dejarlo-inconsciente-en-cidra/
2023-03-08,Arrestan a hombre tras posesión de arma y drogas en Bayamón ,Metro Puerto Rico,Noticias,https://www.metro.pr/noticias/2023/03/08/arrestan-a-hombre-tras-posesion-de-arma-y-drogas-en-bayamon/
2023-03-08,Powell: La Fed no ha tomado una decisión sobre las tasas,AP,Noticias,https://www.metro.pr/noticias/2023/03/08/powell-la-fed-no-ha-tomado-una-decision-sobre-las-tasas/
2023-03-08,Encuentran cuerpo de boxeador que había desaparecido hace tres meses ,Publimetro México,Noticias,https://www.metro.pr/noticias/2023/03/08/encuentran-cuerpo-de-boxeador-que-habia-desaparecido-hace-tres-meses/
2023-03-08,Soldados testifican sobre impacto del colapso de Afganistán,AP,Noticias,https://www.metro.pr/noticias/2023/03/08/soldados-testifican-sobre-impacto-del-colapso-de-afganistan/
2023-03-08,Fuerzas palestinas dispersan procesión fúnebre en Nablus,AP,Noticias,https://www.metro.pr/noticias/2023/03/08/fuerzas-palestinas-dispersan-procesion-funebre-en-nablus/
2023-03-08,Alcaldesa de Gurabo traza plan contra la criminalidad ,Metro Puerto Rico,Noticias,https://www.metro.pr/noticias/2023/03/08/alcaldesa-de-gurabo-traza-plan-contra-la-criminalidad/
2023-03-08,Persiste resistencia a promoción de mujeres en el Vaticano,AP,Noticias,https://www.metro.pr/noticias/2023/03/08/persiste-resistencia-a-promocion-de-mujeres-en-el-vaticano/
2023-03-08,La AAA ya tiene encaminado el dragado del embalse Carraízo,Metro Puerto Rico,Noticias,https://www.metro.pr/noticias/2023/03/08/la-aaa-ya-tiene-encaminado-el-dragado-del-embalse-carraizo/
2023-03-08,Proyecto busca que mujeres que aborten o personas que las asistan en el proceso cumplan pena de cárcel ,Metro Puerto Rico,Noticias,https://www.metro.pr/noticias/2023/03/08/proyecto-busca-que-mujeres-que-aborten-o-personas-que-las-asistan-en-el-proceso-cumplan-pena-de-carcel/
2023-03-08,Manejo de Emergencias comienza a adiestrar municipios de cara a la temporada de huracanes ,Metro Puerto Rico,Noticias,https://www.metro.pr/noticias/2023/03/08/manejo-de-emergencias-comienza-a-adiestrar-municipios-de-cara-a-la-temporada-de-huracanes/
2023-03-08,Arrestan a tres integrantes de ganga que se dedica a cometer “carjackings”,Metro Puerto Rico,Noticias,https://www.metro.pr/noticias/2023/03/09/arrestan-a-tres-integrantes-de-ganga-que-se-dedica-a-cometer-carjackings/
2023-03-08,Insisten en que le den oportunidad al destituido obispo de Arecibo a defenderse,Cybernews,Noticias,https://www.metro.pr/noticias/2023/03/09/insisten-en-que-le-den-oportunidad-al-destituido-obispo-de-arecibo-a-defenderse/
2023-03-08,Radican cargos contra padrastro por maltrato contra menor de 8 años,Metro Puerto Rico,Noticias,https://www.metro.pr/noticias/2023/03/09/radican-cargos-contra-padrastro-por-maltrato-contra-menor-de-8-anos/
2023-03-08,Repudian decisión emitida por la Jueza Taylor Swain de anular enmiendas de la Reforma Laboral, Nilda Núñez Lamboy,Noticias,https://www.metro.pr/noticias/2023/03/08/repudian-decision-emitida-por-la-jueza-taylor-swain-de-anular-enmiendas-de-la-reforma-laboral/
2023-03-08,Reportan accidente de carácter grave en Mayagüez,Metro Puerto Rico,Noticias,https://www.metro.pr/noticias/2023/03/08/reportan-accidente-de-caracter-grave-en-mayaguez/
2023-03-08,Se manifiesta la Colectiva Feminicista en la Milla de Oro ,Metro Puerto Rico,Noticias,https://www.metro.pr/noticias/2023/03/08/se-manifiesta-la-colectiva-feminicista-en-la-milla-de-oro/
2023-03-08,Agentes federales diligencian varios arrestos en residencial Juana Matos,Metro Puerto Rico,Noticias,https://www.metro.pr/noticias/2023/03/08/agentes-federales-diligencian-varios-arrestos-en-residencial-juana-matos/
2023-03-08,Accidente con auto volcado en carril reversible del expreso PR-52 ,Metro Puerto Rico,Noticias,https://www.metro.pr/noticias/2023/03/08/accidente-con-auto-volcado-en-carril-reversible-del-expreso-pr-52/
2023-03-08,Reabren carretera PR-2 en Bayamón tras accidente entre un camión y un auto,Cybernews,Noticias,https://www.metro.pr/noticias/2023/03/08/reabren-carretera-pr-2-en-bayamon-tras-accidente-entre-un-camion-y-un-auto/
2023-03-08,Joven de 20 años cae por una pendiente frente a su casa en Juncos,Metro Puerto Rico,Noticias,https://www.metro.pr/noticias/2023/03/08/joven-de-20-anos-cae-por-una-pendiente-frente-a-su-casa-en-juncos/
2023-03-08,Sector privado organiza Comité de Gastos Independientes de cara a 2024, Agustin Criollo,Noticias,https://www.metro.pr/noticias/2023/03/08/sector-privado-organiza-comite-de-gastos-independientes-de-cara-a-2024/
2023-03-08,Arrestan a sexagenario acusado de Ley 54 en Morovis,Metro Puerto Rico,Noticias,https://www.metro.pr/noticias/2023/03/08/arrestan-a-sexagenario-acusado-de-ley-54-en-morovis/
2023-03-08,Estados Unidos confirma que existe un patrón de abusos policiales,AP,Noticias,https://www.metro.pr/noticias/2023/03/08/eeuu-halla-patron-de-abusos-policiales-en-louisville/
2023-03-08,Senadora lucha contra el “tabú” de la menstruación ,AP,Noticias,https://www.metro.pr/noticias/2023/03/08/senadora-lucha-contra-el-tabu-de-la-menstruacion/
2023-03-08,Aguadilla y Moca también están sin agua,Metro Puerto Rico,Noticias,https://www.metro.pr/noticias/2023/03/08/aguadilla-y-moca-tambien-estan-sin-agua/
2023-03-08,Secretario del Departamento del Trabajo no adjudica desarrollo económico a la Ley 41, Nilda Núñez Lamboy,Noticias,https://www.metro.pr/noticias/2023/03/08/secretario-del-departamento-del-trabajo-no-adjudica-desarrollo-economico-a-la-ley-41/
2023-03-08,Radican cargos contra hombre y mujer que protagonizaron pelea en negocio de San Juan ,Metro Puerto Rico,Noticias,https://www.metro.pr/noticias/2023/03/08/radican-cargos-contra-hombre-y-mujer-que-protagonizaron-pelea-en-negocio-de-san-juan/
2023-03-08,Tabacaleros cubanos buscan recuperarse tras huracán Ian,AP,Noticias,https://www.metro.pr/noticias/2023/03/08/tabacaleros-cubanos-buscan-recuperarse-tras-huracan-ian/
2023-03-08,Radican cargos contra “Yomo” por “carjacking” en Hatillo,Cybernews,Noticias,https://www.metro.pr/noticias/2023/03/08/radican-cargos-contra-yomo-por-carjacking-en-hatillo/
2023-03-08,Gobierno de EU “tantea” la opción de detener a familias que crucen la frontera,AP,Noticias,https://www.metro.pr/noticias/2023/03/07/biden-sopesa-ahora-detener-a-familias-migrantes/
2023-03-08,Cargos contra sospechoso de asesinar a joven de 18 años en Canóvanas,Metro Puerto Rico,Noticias,https://www.metro.pr/noticias/2023/03/08/cargos-contra-sospechoso-de-asesinar-a-joven-de-18-anos-en-canovanas/
2023-03-08,Justicia investiga a policía de Memphis por muerte Nichols,AP,Noticias,https://www.metro.pr/noticias/2023/03/08/justicia-investiga-a-policia-de-memphis-por-muerte-nichols/
2023-03-08,Hombre es víctima de fraude a través de supuesta llamada de LUMA Energy,Metro Puerto Rico,Noticias,https://www.metro.pr/noticias/2023/03/08/hombre-es-victima-de-fraude-a-traves-de-supuesta-llamada-de-luma-energy/
2023-03-08,Sin explicación de por qué no se sometió análisis económico a Taylor Swain, Agustin Criollo,Noticias,https://www.metro.pr/noticias/2023/03/08/sin-explicacion-por-que-no-se-sometio-analisis-economico-a-taylor-swain/
2023-03-08,"Radican cargos contra “Bubu”, uno de los sospechosos de la masacre de Cataño",Metro Puerto Rico,Noticias,https://www.metro.pr/noticias/2023/03/08/radican-cargos-contra-bubu-uno-de-los-sospechosos-de-la-masacre-de-catano/
2023-03-07,Cirujanos dentistas celebran Congreso de Salud Oral 2023,Metro Puerto Rico,Noticias,https://www.metro.pr/noticias/2023/03/07/cirujanos-dentistas-celebran-congreso-de-salud-oral-2023/
2023-03-07,COR3 no ha entregado fondos a portavoz de comunidades religiosas por estar acusado de fraude ,Metro Puerto Rico,Noticias,https://www.metro.pr/noticias/2023/03/07/cor3-no-ha-entregado-fondos-a-portavoz-de-comunidades-religiosas-por-estar-acusado-de-fraude/
2023-03-07,Identifican a soldado ucraniano en video espeluznante,AP,Noticias,https://www.metro.pr/noticias/2023/03/07/identifican-a-soldado-ucraniano-en-video-espeluznante/
2023-03-07,UE castiga a militares rusos por abusar sexualmente de mujeres ucranianas,Europa Press,Noticias,https://www.metro.pr/noticias/2023/03/07/ue-castiga-a-militares-rusos-por-abusar-sexualmente-de-mujeres-ucranianas/
2023-03-07,"Presidenta de Perú, Dina Boluarte, declara ante la fiscalía general por muertes en protestas que exigen su renuncia",AP,Noticias,https://www.metro.pr/noticias/2023/03/07/presidenta-de-peru-dina-boluarte-declara-ante-la-fiscalia-general-por-muertes-en-protestas-que-exigen-su-renuncia/
2023-03-07,Cámara rinde homenaje a mujeres deportistas con motivo del Día Internacional de la Mujer,Metro Puerto Rico,Noticias,https://www.metro.pr/noticias/2023/03/07/camara-rinde-homenaje-a-mujeres-deportistas-con-motivo-del-dia-internacional-de-la-mujer/
2023-03-07,Autoridades incautan 522 kilos de cocaína en la costa norte de Puerto Rico,Metro Puerto Rico,Noticias,https://www.metro.pr/noticias/2023/03/07/autoridades-incautan-522-kilos-de-cocaina-en-la-costa-norte-de-puerto-rico/
2023-03-07,Pierluisi invita a empresarios mexicanos a invertir en Puerto Rico,Metro Puerto Rico,Noticias,https://www.metro.pr/noticias/2023/03/07/pierluisi-invita-a-empresarios-mexicanos-a-invertir-en-puerto-rico/
2023-03-07,Posponen vista contra guardia sospechoso de disparar contra manifestantes en Aguadilla,Metro Puerto Rico,Noticias,https://www.metro.pr/noticias/2023/03/07/posponen-vista-contra-guardia-sospechoso-de-disparar-contra-manifestantes-en-aguadilla/
2023-03-07,Hombre muere ahogado en playa de Manatí,Metro Puerto Rico,Noticias,https://www.metro.pr/noticias/2023/03/07/hombre-muere-ahogado-en-playa-de-manati/
2023-03-07,El turismo en el Caribe se recupera tras la pandemia,AP,Noticias,https://www.metro.pr/noticias/2023/03/07/el-turismo-en-el-caribe-se-recupera-tras-la-pandemia/
2023-03-07,EEUU teme que expresidente peruano huya y pide su detención,AP,Noticias,https://www.metro.pr/noticias/2023/03/07/eeuu-teme-que-expresidente-peruano-huya-y-pide-su-detencion/
2023-03-07,Radican nuevamente proyecto laboral a pesar de advertencia de la jueza Swain ,Cybernews,Noticias,https://www.metro.pr/noticias/2023/03/07/radican-nuevamente-proyecto-laboral-a-pesar-de-advertencia-de-la-jueza-swain/
2023-03-07,AAA da actualización sobre trabajos en los sistemas de distribución de agua potable en Luquillo,Metro Puerto Rico,Noticias,https://www.metro.pr/noticias/2023/03/08/aaa-da-actualizacion-sobre-trabajos-en-los-sistemas-de-distribucion-de-agua-potable-en-luquillo/
2023-03-07,Voluntad Popular proclama a Guaidó como su candidato a las primarias de la oposición venezolana,Europa Press,Noticias,https://www.metro.pr/noticias/2023/03/07/voluntad-popular-proclama-a-guaido-como-su-candidato-a-las-primarias-de-la-oposicion-venezolana/
2023-03-07,Twitter: Musk se disculpa por burlarse de empleado despedido,AP,Noticias,https://www.metro.pr/noticias/2023/03/08/twitter-musk-se-disculpa-por-burlarse-de-empleado-despedido/
2023-03-07,Gobierno federal se opone a compra de Spirit por JetBlue,AP,Noticias,https://www.metro.pr/noticias/2023/03/07/gobierno-federal-se-opone-a-compra-de-spirit-por-jetblue/
2023-03-07,Wall Street sufre fuerte caída ante posible alza de tasas,AP,Noticias,https://www.metro.pr/noticias/2023/03/07/wall-street-baja-por-temores-sobre-tasas-el-dow-cae-570/
2023-03-07,Gobierno de México confirma que dos de los cuatro estadounidenses secuestrados fueron asesinados,Metro World News,Noticias,https://www.metro.pr/noticias/2023/03/07/gobierno-de-mexico-confirma-que-dos-de-los-cuatro-estadounidenses-secuestrados-fueron-asesinados/
2023-03-07,Presentan proyecto de ley bipartidista para atender disparidades en recopilación de datos en P. R. y demás territorios de EE. UU. ,Metro Puerto Rico,Noticias,https://www.metro.pr/noticias/2023/03/07/presentan-proyecto-de-ley-bipartidista-para-atender-disparidades-en-recopilacion-de-datos-en-p-r-y-demas-territorios-de-ee-uu/
2023-03-07,Instan a estar preparados ante la posibilidad de un tsunami en la isla , Keisha R. Vera Soto,Noticias,https://www.metro.pr/noticias/2023/03/07/instan-a-estar-preparados-ante-la-posibilidad-de-un-tsunami-en-la-isla/
2023-03-07,Presentador de Fox News Tucker Carlson amplifica las mentiras del 6 de enero con video proporcionado por republicanos,AP,Noticias,https://www.metro.pr/noticias/2023/03/07/presentador-de-fox-news-tucker-carlson-amplifica-las-mentiras-del-6-de-enero-con-video-proporcionado-por-republicanos/
2023-03-07,Mujer cae en “pescaíto” con aplicación que adivina números ganadores de la lotería,Metro Puerto Rico,Noticias,https://www.metro.pr/noticias/2023/03/07/mujer-cae-en-pescaito-con-aplicacion-que-adivina-numeros-ganadores-de-la-loteria/
2023-03-07,"Murdoch: Las elecciones de 2020 ""no fueron robadas""",AP,Noticias,https://www.metro.pr/noticias/2023/03/08/murdoch-las-elecciones-de-2020-no-fueron-robadas/
2023-03-07,La Fed podría subir más las tasas si economía sigue agitada,AP,Noticias,https://www.metro.pr/noticias/2023/03/07/la-fed-podria-subir-mas-las-tasas-si-economia-sigue-agitada/
2023-03-07,Secuestro de estadounidenses en México estremece a familias,AP,Noticias,https://www.metro.pr/noticias/2023/03/08/secuestro-de-estadounidenses-en-mexico-estremece-a-familias/
2023-03-07,"Wanda Vázquez dice estar lista para juicio rápido, pero voluminosa evidencia retrasaría el proceso",Metro Puerto Rico,Noticias,https://www.metro.pr/noticias/2023/03/07/wanda-vazquez-dice-estar-lista-para-juicio-rapido-pero-voluminosa-evidencia-retrasaria-el-proceso/
2023-03-07,"Continúan en aumento los ‘carjakings’ en la Isla, según cifras del NPPR",Metro Puerto Rico,Noticias,https://www.metro.pr/noticias/2023/03/07/continuan-en-aumento-los-carjakings-en-la-isla-segun-cifras-del-nppr/
2023-03-07,Abandonan más de 300 migrantes dentro de un vagón en México,Metro Ecuador,Noticias,https://www.metro.pr/noticias/2023/03/07/abandonan-mas-de-300-migrantes-dentro-de-un-vagon-en-mexico/
2023-03-07,EEUU: La propaganda china se parece cada vez más a la rusa,AP,Noticias,https://www.metro.pr/noticias/2023/03/07/eeuu-la-propaganda-china-se-parece-cada-vez-mas-a-la-rusa/
2023-03-07,“Legislen para los delincuentes y no para los ciudadanos”: CODEPOLA se expresa en contra del PC 1648,Metro Puerto Rico,Noticias,https://www.metro.pr/noticias/2023/03/07/legislen-para-los-delincuentes-y-no-para-los-ciudadanos-codepola-se-expresa-en-contra-del-pc-1648/
2023-03-07,Retiran de venta dos marcas de gotas para los ojos; una podría causar ceguera,AP,Noticias,https://www.metro.pr/noticias/2023/03/07/retiran-de-venta-dos-marcas-de-gotas-para-los-ojos-una-podria-causar-ceguera/
2023-03-06,Cargos contra hombre por amenazar de muerte a mujer en Arecibo,Metro Puerto Rico,Noticias,https://www.metro.pr/noticias/2023/03/06/cargos-contra-hombre-por-amenazar-de-muerte-a-mujer-en-arecibo/
2023-03-06,Arrestan a sujetos que dispararon contra policías en Guayama,Metro Puerto Rico,Noticias,https://www.metro.pr/noticias/2023/03/06/arrestan-a-sujetos-que-dispararon-contra-policias-en-guayama/
2023-03-06,Buscan a sujetos tras escalamiento en escuela de Bayamón,Metro Puerto Rico,Noticias,https://www.metro.pr/noticias/2023/03/06/buscan-a-sujetos-tras-escalamiento-en-escuela-de-bayamon/
2023-03-06,Alcaldes exigen plan anticrimen al gobernador ante cifra de casi 100 asesinatos en 2023 ,Metro Puerto Rico,Noticias,https://www.metro.pr/noticias/2023/03/06/alcaldes-exigen-plan-anticrimen-al-gobernador-ante-cifra-de-casi-100-asesinatos-en-2023/
2023-03-06,“Vimos un tiburón sangrando”: César Vázquez responde a los ataques de Rivera Schatz a Proyecto Dignidad,Metro Puerto Rico,Noticias,https://www.metro.pr/noticias/2023/03/06/vimos-un-tiburon-sangrando-cesar-vazquez-responde-a-los-ataques-de-rivera-schatz-a-proyecto-dignidad/
2023-03-06,Impacta con su auto a motociclista tras discusión en Carolina,Metro Puerto Rico,Noticias,https://www.metro.pr/noticias/2023/03/06/impacta-con-su-auto-a-motociclista-tras-discusion-en-carolina/
2023-03-06,Dos muertes más por COVID-19 en Puerto Rico,Metro Puerto Rico,Noticias,https://www.metro.pr/noticias/2023/03/06/dos-muertes-mas-por-covid-19-en-puerto-rico/
2023-03-06,Fianza $75 mil contra hombre que miraba a mujer por una ventana en Manatí,Metro Puerto Rico,Noticias,https://www.metro.pr/noticias/2023/03/06/fianza-75-mil-contra-hombre-que-miraba-a-mujer-por-una-ventana-en-manati/
2023-03-06,“Taqui flu”: Transcriptoras de Justicia se ausentan a sus labores en protesta al Plan de Reclasificación y Retribución,Metro Puerto Rico,Noticias,https://www.metro.pr/noticias/2023/03/06/taqui-flu-transcriptoras-de-justicia-se-ausentan-a-sus-labores-en-protesta-al-plan-de-reclasificacion-y-retribucion/
2023-03-06,Rodríguez Veve: nadie obligó asistencia a evento de Proyecto Dignidad,Metro Puerto Rico,Noticias,https://www.metro.pr/noticias/2023/03/06/rodriguez-veve-nadie-obligo-asistencia-a-evento-de-proyecto-dignidad/
2023-03-06,Roban más de $250 de cooperativa juvenil en escuela de Vega Baja,Metro Puerto Rico,Noticias,https://www.metro.pr/noticias/2023/03/06/roban-mas-de-250-de-cooperativa-juvenil-en-escuela-de-vega-baja/
2023-03-06,Muere la pionera legisladora transgénero Georgina Beyer,AP,Noticias,https://www.metro.pr/noticias/2023/03/06/muere-la-pionera-legisladora-transgenero-georgina-beyer/
2023-03-06,Hombre víctima de ‘carjacking’ mientras echaba gasolina en Guaynabo,Metro Puerto Rico,Noticias,https://www.metro.pr/noticias/2023/03/06/hombre-victima-de-carjacking-mientras-echaba-gasolina-en-guaynabo/
2023-03-06,Arremeten contra Pierluisi por no defender las enmiendas a la Reforma Laboral que fueron anuladas,Metro Puerto Rico,Noticias,https://www.metro.pr/noticias/2023/03/06/arremeten-contra-pierluisi-por-no-defender-las-enmiendas-a-la-reforma-laboral-que-fueron-anuladas/
2023-03-06,Escalan una residencia en Santa Isabel,Metro Puerto Rico,Noticias,https://www.metro.pr/noticias/2023/03/06/escalan-una-residencia-en-santa-isabel/
2023-03-06,Advierten sobre peligroso reto de alcohol en Tik Tok que está de moda entre jóvenes ,AP,Noticias,https://www.metro.pr/noticias/2023/03/06/advierten-sobre-peligroso-reto-de-alcohol-en-tik-tok-que-esta-de-moda-entre-jovenes/
2023-03-06,"“Vendiendo fantasías a oscuras”, asegura secretario popular sobre asamblea PNP",Metro Puerto Rico,Noticias,https://www.metro.pr/noticias/2023/03/06/vendiendo-fantasias-a-oscuras-asegura-secretario-popular-sobre-asamblea-pnp/
2023-03-05,En condición de cuidado agente que fue impactado por conductor y huyó de la escena en Canóvanas,Metro Puerto Rico,Noticias,https://www.metro.pr/noticias/2023/03/05/en-condicion-de-cuidado-agente-que-fue-impactado-por-conductor-y-huyo-de-la-escena-en-canovanas/
2023-03-05,Pierluisi y Jenniffer González se confunden en un abrazo durante la asamblea general del PNP,Metro Puerto Rico,Noticias,https://www.metro.pr/noticias/2023/03/05/pierluisi-y-jenniffer-gonzalez-se-confunden-en-un-abrazo-durante-la-asamblea-general-del-pnp/
2023-03-05,Hallan hombre con varios impactos de bala en el interior de un vehículo en residencial en Guayama,Metro Puerto Rico,Noticias,https://www.metro.pr/noticias/2023/03/05/hallan-hombre-con-varios-impactos-de-bala-en-el-interior-de-un-vehiculo-en-residencial-en-guayama/
2023-03-05,Roban four track y motora de negocio en Aguadilla,Metro Puerto Rico,Noticias,https://www.metro.pr/noticias/2023/03/05/roban-four-track-y-motora-de-negocio-en-aguadilla/
2023-03-05,"Con un reclamo de llegar unidos al 2024, PNP celebra asamblea y anticipa que la próxima será en el Choliseo",Cybernews,Noticias,https://www.metro.pr/noticias/2023/03/05/con-un-reclamo-de-llegar-unidos-al-2024-pnp-celebra-asamblea-y-anticipa-que-la-proxima-sera-en-el-choliseo/
2023-03-05,Thomas Rivera Shatz asegura que el PNP es “el partido de la dignidad” ,Metro Puerto Rico,Noticias,https://www.metro.pr/noticias/2023/03/05/thomas-rivera-shatz-asegura-que-el-pnp-es-el-partido-de-la-dignidad/
2023-03-05,Hallan cuerpo de hombre baleado en Bayamón,Metro Puerto Rico,Noticias,https://www.metro.pr/noticias/2023/03/05/hallan-cuerpo-de-hombre-baleado-en-bayamon/
2023-03-05,Estalla incendio en campamento de refugiados en Bangladesh,AP,Noticias,https://www.metro.pr/noticias/2023/03/05/estalla-incendio-en-campamento-de-refugiados-en-bangladesh/
2023-03-05,"Siguen ataques rusos en Járkiv y Bajmut, en Ucrania",AP,Noticias,https://www.metro.pr/noticias/2023/03/05/siguen-ataques-rusos-en-jarkiv-y-bajmut-en-ucrania/
2023-03-05,Arqueólogos en Egipto encontraron una cámara secreta cerca de la entrada de la Gran Pirámide de Giza,Guy Acurero,Noticias,https://www.metro.pr/noticias/2023/03/05/arqueologos-en-egipto-encontraron-una-camara-secreta-cerca-de-la-entrada-de-la-gran-piramide-de-giza/
2023-03-05,Crece la crisis por supuesto envenenamiento de niñas en Irán,AP,Noticias,https://www.metro.pr/noticias/2023/03/05/crece-la-crisis-por-supuesto-envenenamiento-de-ninas-en-iran/
2023-03-05,Naciones logran un acuerdo para proteger la vida marina,AP,Noticias,https://www.metro.pr/noticias/2023/03/05/naciones-logran-un-acuerdo-para-proteger-la-vida-marina/
2023-03-05,Biden: los derechos electorales siguen bajo ataque,AP,Noticias,https://www.metro.pr/noticias/2023/03/05/biden-visita-selma-para-destacar-derechos-electorales/
2023-03-05,Naciones logran un acuerdo para proteger la vida marina,AP,Noticias,https://www.metro.pr/noticias/2023/03/05/naciones-logran-un-acuerdo-para-proteger-la-vida-marina-2/
2023-03-05,Se descarrilan 20 vagones de otro tren de carga en Ohio,AP,Noticias,https://www.metro.pr/noticias/2023/03/05/se-descarrilan-20-vagones-de-otro-tren-de-carga-en-ohio/
2023-03-05,Partido Nuevo Progresista celebró Asamblea General, Nilda Núñez Lamboy,Noticias,https://www.metro.pr/noticias/2023/03/05/partido-nuevo-progresista-celebro-asamblea-general/
2023-03-05,Naufragio en Italia: cómo ocurrió y preguntas sin respuesta,AP,Noticias,https://www.metro.pr/noticias/2023/03/05/naufragio-en-italia-como-ocurrio-y-preguntas-sin-respuesta/
2023-03-05,En condición de cuidado hombre que fue agredido por dos sujetos en Carolina,Cybernews,Noticias,https://www.metro.pr/noticias/2023/03/05/en-condicion-de-cuidado-hombre-que-fue-agredido-por-dos-sujetos-en-carolina/
2023-03-05,Autoridades investigan muerte violenta en playa de Naguabo ,Metro Puerto Rico,Noticias,https://www.metro.pr/noticias/2023/03/05/autoridades-investigan-muerte-violenta-en-playa-de-naguabo/
2023-03-05,Encuentran pierna en playa de Arecibo donde buscan a turista arrastrado por corrientes marinas,Metro Puerto Rico,Noticias,https://www.metro.pr/noticias/2023/03/05/encuentran-pierna-en-playa-de-arecibo-donde-buscan-a-turista-arrastrado-por-corrientes-marinas/
2023-03-05,De Camuy la primera puertorriqueña en completar certificación internacional en auditoría forense,Metro Puerto Rico,Noticias,https://www.metro.pr/noticias/2023/03/05/de-camuy-la-primera-puertorriquena-en-completar-certificacion-internacional-en-auditoria-forense/
2023-03-05,Intervienen con conductores por “regateo” en Maunabo y Salinas ,Metro Puerto Rico,Noticias,https://www.metro.pr/noticias/2023/03/05/intervienen-con-conductores-por-regateo-en-maunabo-y-salinas/
2023-03-05,Venezuela recuerda a Hugo Chávez con marchas y foros,AP,Noticias,https://www.metro.pr/noticias/2023/03/06/venezuela-recuerda-a-hugo-chavez-con-marchas-y-foros/
2023-03-05,"China, un nuevo rival para Elon Musk: el país planea lanzar miles de satélites para neutralizar a Starlink",Guy Acurero,Noticias,https://www.metro.pr/noticias/2023/03/05/china-un-nuevo-rival-para-elon-musk-el-pais-planea-lanzar-miles-de-satelites-para-neutralizar-a-starlink/
2023-03-05,Avión de Southwest Airlines realiza aterrizaje de emergencia en Cuba,Metro Puerto Rico,Noticias,https://www.metro.pr/noticias/2023/03/05/avion-de-southwest-airlines-realiza-aterrizaje-de-emergencia-en-cuba/
2023-03-05,Escritora reta a Joe Biden por la candidatura demócrata a la presidencia ,AP,Noticias,https://www.metro.pr/noticias/2023/03/05/escritora-reta-a-joe-biden-por-la-candidatura-democrata-a-la-presidencia/
2023-03-05,Policía de Hong Kong impide marcha de mujeres,AP,Noticias,https://www.metro.pr/noticias/2023/03/05/policia-de-hong-kong-impide-marcha-de-mujeres/
2023-03-05,Siria condena visita del máximo comandante militar de Estados Unidos,Europa Press,Noticias,https://www.metro.pr/noticias/2023/03/05/siria-condena-visita-del-maximo-comandante-militar-de-estados-unidos/
2023-03-05,Violento fin de semana deja el saldo de siete personas asesinadas,Metro Puerto Rico,Noticias,https://www.metro.pr/noticias/2023/03/05/violento-fin-de-semana-deja-el-saldo-de-siete-personas-asesinadas/
2023-03-05,Policías municipales de San Juan recuperan auto reportado como hurtado,Metro Puerto Rico,Noticias,https://www.metro.pr/noticias/2023/03/05/policias-municipales-de-san-juan-recuperan-auto-reportado-como-hurtado/
2023-03-05,Una generación de niños venezolanos sólo conoce dificultades,AP,Noticias,https://www.metro.pr/noticias/2023/03/06/una-generacion-de-ninos-venezolanos-solo-conoce-dificultades/
2023-03-04,Doble asesinato y dos mujeres heridas de bala en Gurabo,Metro Puerto Rico,Noticias,https://www.metro.pr/noticias/2023/03/04/doble-asesinato-y-dos-mujeres-heridas-de-bala-en-gurabo/
2023-03-04,Incendian dos vehículos y una embarcación en Vieques,Metro Puerto Rico,Noticias,https://www.metro.pr/noticias/2023/03/04/incendian-dos-vehiculos-y-una-embarcacion-en-vieques/
2023-03-04,Mujer muere en accidente de tránsito en Yabucoa,Cybernews,Noticias,https://www.metro.pr/noticias/2023/03/04/mujer-muere-en-accidente-de-transito-en-yabucoa/
2023-03-04,Arrestan a tres personas en manifestación en Rincón,Cybernews,Noticias,https://www.metro.pr/noticias/2023/03/04/arrestan-a-tres-personas-en-manifestacion-en-rincon/
2023-03-04,¡Fuera del agua! El mar estará peligroso durante el fin de semana ,Metro Puerto Rico,Noticias,https://www.metro.pr/noticias/2023/03/04/fuera-del-agua-el-mar-estara-peligroso-durante-el-fin-de-semana/
2023-03-04,Muere conductor que impactó árbol en Vega Baja ,Metro Puerto Rico,Noticias,https://www.metro.pr/noticias/2023/03/04/muere-conductor-que-impacto-arbol-en-vega-baja/
2023-03-04,"Con trauma en cabeza y brazo, hombre agredido en Yauco",Metro Puerto Rico,Noticias,https://www.metro.pr/noticias/2023/03/04/con-trauma-en-cabeza-y-brazo-hombre-agredido-en-yauco/
2023-03-04,Policía llega a manifestación en Condominio Sol y Playa en Rincón ,Metro Puerto Rico,Noticias,https://www.metro.pr/noticias/2023/03/04/policia-llega-a-manifestacion-en-condominio-sol-y-playa-en-rincon/
2023-03-04,Liberan a mujer acusada de matar a su esposo enfermo en Florida,AP,Noticias,https://www.metro.pr/noticias/2023/03/05/liberan-a-mujer-acusada-de-matar-a-su-esposo-enfermo-en-florida/
2023-03-04,Máximo comandante militar de Estados Unidos visita Siria,AP,Noticias,https://www.metro.pr/noticias/2023/03/05/maximo-comandante-militar-de-estados-unidos-visita-siria/
2023-03-04,Raúl Castro viaja a Venezuela en el décimo aniversario de la muerte de Hugo Chávez,Europa Press,Noticias,https://www.metro.pr/noticias/2023/03/05/raul-castro-viaja-a-venezuela-en-el-decimo-aniversario-de-la-muerte-de-hugo-chavez/
2023-03-04,Renuncia asesor del alcalde de Ponce tras expresiones homofóbicas de la primera dama,Metro Puerto Rico,Noticias,https://www.metro.pr/noticias/2023/03/04/renuncia-asesor-del-alcalde-de-ponce-tras-expresiones-homofobicas-de-la-primera-dama/
2023-03-04,Dos muertes más por COVID-19 en Puerto Rico,Metro Puerto Rico,Noticias,https://www.metro.pr/noticias/2023/03/04/dos-muertes-mas-por-covid-19-en-puerto-rico/
2023-03-04,"China: alza en gasto militar cubre ""desafíos de seguridad""",AP,Noticias,https://www.metro.pr/noticias/2023/03/04/china-alza-en-gasto-militar-cubre-desafios-de-seguridad/
2023-03-04,Haití recibe armas modernas de contrabando desde Estados Unidos,AP,Noticias,https://www.metro.pr/noticias/2023/03/04/haiti-recibe-armas-modernas-de-contrabando-desde-estados-unidos/
2023-03-04,¿Qué cambia al declararse nulas las enmiendas a la Reforma Laboral?,Metro Puerto Rico,Noticias,https://www.metro.pr/noticias/2023/03/04/que-cambia-al-declararse-nulas-las-enmiendas-a-la-reforma-laboral/
2023-03-04,Jurado en EE.UU. sopesa el lado sucio del fútbol,AP,Noticias,https://www.metro.pr/noticias/2023/03/04/jurado-en-eeuu-sopesa-el-lado-sucio-del-futbol/
2023-03-04,Incendio deja desaparecidos y 16 muertos en Indonesia,AP,Noticias,https://www.metro.pr/noticias/2023/03/04/incendio-causa-16-desaparecidos-y-15-muertos-en-indonesia/
2023-03-04,Hong Kong condena a activistas detrás de acto por Tiananmen,AP,Noticias,https://www.metro.pr/noticias/2023/03/04/hong-kong-condena-a-activistas-detras-de-acto-por-tiananmen/
2023-03-04,Junta de Control Fiscal celebra eliminación de derechos a trabajadores del sector privado,Metro Puerto Rico,Noticias,https://www.metro.pr/noticias/2023/03/04/junta-de-control-fiscal-celebra-eliminacion-de-derechos-a-trabajadores-del-sector-privado/
2023-03-04,Ataque en una casa en Texas provoca la muerte de tres menores de edad,AP,Noticias,https://www.metro.pr/noticias/2023/03/04/ataque-en-una-casa-en-texas-provoca-la-muerte-de-tres-menores-de-edad/
2023-03-04,Sin garras los consumidores para fiscalizar facturación eléctrica, Agustin Criollo,Noticias,https://www.metro.pr/noticias/2023/03/04/sin-garras-los-consumidores-para-fiscalizar-facturacion-electrica/
2023-03-04,César Vázquez no descarta posible sorpresa y ganar las elecciones del 2024,Fernando A. Collazo,Noticias,https://www.metro.pr/noticias/2023/03/04/cesar-vazquez-no-descarta-posible-sorpresa-y-ganar-las-elecciones-del-2024/
2023-03-04,San Juan reconoce a líderes comunitarios,Metro Puerto Rico,Noticias,https://www.metro.pr/noticias/2023/03/04/san-juan-reconoce-a-lideres-comunitarios/
2023-03-03,“No escuchan al pueblo”; reinician protestas en Perú contra la presidenta Dina Boluarte,AP,Noticias,https://www.metro.pr/noticias/2023/03/03/peru-reinician-protestas-en-lima-contra-presidenta-boluarte/
2023-03-03,Condenan a Premio Nobel de la Paz a 10 años de cárcel en Bielorrusia,APRicardo Vázquez,Noticias,https://www.metro.pr/noticias/2023/03/03/bielorrusia-sentencia-a-nobel-bialiatski-a-10-anos-de-carcel/
2023-03-03,Representantes apoyan solicitud para que en P. R. se vote por presidente de EE. UU. ,Metro Puerto Rico,Noticias,https://www.metro.pr/noticias/2023/03/03/representantes-apoyan-solicitud-para-que-en-p-r-se-vote-por-presidente-de-ee-uu/
2023-03-03,Después de la lluvia y la nieve reciente algunas regiones de California están libres de sequía,María José González,Noticias,https://www.metro.pr/noticias/2023/03/03/despues-de-la-lluvia-y-la-nieve-reciente-algunas-regiones-de-california-estan-libres-de-sequia/
2023-03-03,Ecologistas protestan contra política de transporte alemana,AP,Noticias,https://www.metro.pr/noticias/2023/03/03/ecologistas-protestan-contra-politica-de-transporte-alemana/
2023-03-03,Añejo restaurante resalta renacimiento arqueológico de Irak,AP,Noticias,https://www.metro.pr/noticias/2023/03/03/anejo-restaurante-resalta-renacimiento-arqueologico-de-irak/
2023-03-03,Tormentas se dirigen al noreste de EEUU tras azotar el sur,AP,Noticias,https://www.metro.pr/noticias/2023/03/04/tormentas-se-dirigen-al-noreste-de-eeuu-tras-azotar-el-sur/
2023-03-03,Biden y Scholz discuten guerra de Ucrania en la Casa Blanca,AP,Noticias,https://www.metro.pr/noticias/2023/03/03/biden-y-scholz-discuten-guerra-de-ucrania-en-la-casa-blanca/
2023-03-03,Se llevan $200 y un Jeep de taller en Río Grande,Metro Puerto Rico,Noticias,https://www.metro.pr/noticias/2023/03/03/se-llevan-200-y-un-jeep-de-taller-en-rio-grande/
2023-03-03,Mujer se echa alcohol y se inmola en Vieques ,Cybernews,Noticias,https://www.metro.pr/noticias/2023/03/03/mujer-se-echa-alcohol-y-se-inmola-en-vieques/
2023-03-03,Buscan a joven de 21 años reportado como desaparecido en Arecibo ,Metro Puerto Rico,Noticias,https://www.metro.pr/noticias/2023/03/03/buscan-a-joven-de-21-anos-reportado-como-desaparecido-en-arecibo/
2023-03-03,"Sobre 2,400 casos de sobredosis se han registrado en la isla desde el 2019 ",Metro Puerto Rico,Noticias,https://www.metro.pr/noticias/2023/03/03/sobre-2400-casos-de-sobredosis-se-han-registrado-en-la-isla-desde-el-2019/
2023-03-03,"Se tumban refrescos, platos y hasta el aceite de cocinar de negocio en Villalba ",Metro Puerto Rico,Noticias,https://www.metro.pr/noticias/2023/03/03/se-tumban-refrescos-platos-y-hasta-el-aceite-de-cocinar-de-negocio-en-villalba/
2023-03-03,Presidente Biden fue intervenido para removerle lesión cancerosa del pecho,AP,Noticias,https://www.metro.pr/noticias/2023/03/03/presidente-biden-fue-intervenido-para-removerle-lesion-cancerosa-del-pecho/
2023-03-03,Apelaciones determina que OPFEI no tiene jurisdicción en caso de compra de pruebas de COVID-19,Metro Puerto Rico,Noticias,https://www.metro.pr/noticias/2023/03/03/apelaciones-determina-que-opfei-no-tiene-jurisdiccion-en-caso-de-compra-de-pruebas-de-covid-19/
2023-03-03,Muere persona en Florida por una ameba comecerebros,Adrialis Barrios,Noticias,https://www.metro.pr/noticias/2023/03/03/muere-persona-en-florida-por-una-ameba-comecerebros/
2023-03-03,Cadena perpetua a abogado convicto de matar a esposa e hijo,AP,Noticias,https://www.metro.pr/noticias/2023/03/03/cadena-perpetua-a-abogado-convicto-de-matar-a-esposa-e-hijo/
2023-03-03,Zelenski pide que Rusia sea procesada por delitos de guerra,AP,Noticias,https://www.metro.pr/noticias/2023/03/04/zelenskyy-pide-que-rusia-sea-procesada-por-delitos-de-guerra/
2023-03-03,OMS insiste sobre el origen del Covid-19: “Todas las hipótesis siguen sobre la mesa”,Europa Press,Noticias,https://www.metro.pr/noticias/2023/03/03/la-oms-insiste-sobre-el-origen-del-coronavirus-todas-las-hipotesis-siguen-sobre-la-mesa/
2023-03-03,Buscan a joven de 18 años desaparecido en Vega Alta,Metro Puerto Rico,Noticias,https://www.metro.pr/noticias/2023/03/03/buscan-a-joven-de-18-anos-desaparecido-en-vega-alta/
2023-03-03,Estados Unidos y Corea del Sur anuncian próximas maniobras,AP,Noticias,https://www.metro.pr/noticias/2023/03/03/eeuu-y-corea-del-sur-anuncian-proximas-maniobras/
2023-03-03,Se llevan el pony de una hacienda en Ponce ,Metro Puerto Rico,Noticias,https://www.metro.pr/noticias/2023/03/03/se-llevan-el-pony-de-una-hacienda-en-ponce/
2023-03-03,Wall Street registra su mejor jornada en seis semanas,AP,Noticias,https://www.metro.pr/noticias/2023/03/03/wall-street-registra-su-mejor-jornada-en-seis-semanas/
2023-03-03,"Astronautas de Estados Unidos, Rusia y Emiratos llega a la estación espacial ",AP,Noticias,https://www.metro.pr/noticias/2023/03/03/astronautas-de-estados-unidos-rusia-y-emiratos-llega-a-la-estacion-espacial/
2023-03-03,Ecuador: piden arresto domiciliario para expresidente Moreno,AP,Noticias,https://www.metro.pr/noticias/2023/03/03/ecuador-piden-arresto-domiciliario-para-expresidente-moreno/
2023-03-03,Miles protestan en Grecia por víctimas del choque de trenes,AP,Noticias,https://www.metro.pr/noticias/2023/03/03/miles-protestan-en-grecia-por-victimas-del-choque-de-trenes/
2023-03-03,Morovis inaugura su primer parque pasivo recreativo con acceso a personas con impedimentos,Metro Puerto Rico,Noticias,https://www.metro.pr/noticias/2023/03/03/morovis-inaugura-su-primer-parque-pasivo-recreativo-con-acceso-a-personas-con-impedimentos/
2023-03-03,Estados Unidos y Ucrania tantean la posibilidad de crear un tribunal para castigar a Rusia,Europa PressRicardo Vázquez,Noticias,https://www.metro.pr/noticias/2023/03/03/estados-unidos-y-ucrania-tantean-la-posibilidad-de-crear-un-tribunal-para-castigar-a-rusia/
2023-03-03,Muere persona ahogada en playa de Arecibo,Metro Puerto Rico,Noticias,https://www.metro.pr/noticias/2023/03/03/muere-persona-ahogada-en-playa-de-arecibo/
2023-03-03,¡Escándalo en el PSG! Hakimi es acusado de presunta violación,AP,Noticias,https://www.metro.pr/noticias/2023/03/03/fiscalia-francesa-acusa-a-hakimi-de-supuesta-violacion/
2023-03-03,Agentes ocupan arma de alto poder en residencial de Cupey,Metro Puerto Rico,Noticias,https://www.metro.pr/noticias/2023/03/03/agentes-ocupan-arma-de-alto-poder-en-residencial-de-cupey/
2023-03-03,Jenniffer González asegura que no duda de “las buenas intenciones” de Pierluisi como gobernador,Metro Puerto Rico,Noticias,https://www.metro.pr/noticias/2023/03/03/jenniffer-gonzalez-asegura-que-no-duda-de-las-buenas-intenciones-de-pierluisi-como-gobernador/
2023-03-03,Hallan auto quemado en Camuy reportado como robado en la zona de Bayamón ,Metro Puerto Rico,Noticias,https://www.metro.pr/noticias/2023/03/03/hallan-auto-quemado-en-camuy-reportado-como-robado-en-la-zona-de-bayamon/
2023-03-03,Cargos contra hombre por agarrar por cuello a su hijo de 10 años tras discusión por su conducta,Metro Puerto Rico,Noticias,https://www.metro.pr/noticias/2023/03/03/cargos-contra-hombre-por-agarrar-por-cuello-a-su-hijo-de-10-anos-tras-discusion-por-su-conducta/
2023-03-03,Lo que el juicio de Alex Murdaugh refleja de EEUU,AP,Noticias,https://www.metro.pr/noticias/2023/03/03/lo-que-el-juicio-de-alex-murdaugh-refleja-de-eeuu/
2023-03-03,Tiran al medio a maestra que se acostó con el padre de uno de sus estudiantes ,Publimetro México,Noticias,https://www.metro.pr/noticias/2023/03/03/tiran-al-medio-a-maestra-que-se-acosto-con-el-padre-de-uno-de-sus-estudiantes/
2023-03-02,Alexandria Ocasio-Cortez pudo haber violado leyes de ética con su aparición en la Met Gala 2021,Metro Puerto Rico,Noticias,https://www.metro.pr/noticias/2023/03/03/alexandria-ocasio-cortez-pudo-haber-violado-leyes-de-etica-con-su-aparicion-en-la-met-gala-2021/
2023-03-02,Hispanos que reportan emergencias se las ven complicadas por estatus migratorio e idioma,Grisel García,Noticias,https://www.metro.pr/noticias/2023/03/03/hispanos-que-reportan-emergencias-se-las-ven-complicadas-por-estatus-migratorio-e-idioma/
2023-03-02,Tornados azotan Texas y Luisiana; cancelan vuelos en Dallas,AP,Noticias,https://www.metro.pr/noticias/2023/03/03/tornados-azotan-texas-y-luisiana-cancelan-vuelos-en-dallas/
2023-02-21,Home Depot aumentará salario de empleados ,Metro Puerto Rico,Noticias,https://www.metro.pr/noticias/2023/02/21/home-depot-aumentara-salario-de-empleados/
2023-02-17,Envían más de $50 millones en reintegros durante primera semana del Ciclo Contributivo 2023  ,Metro Puerto Rico,Noticias,https://www.metro.pr/noticias/2023/02/17/envian-mas-de-50-millones-en-reintegros-durante-primera-semana-del-ciclo-contributivo-2023/
2023-02-16,De Portugal nueva directora del Dorado Beach,Sabrosía Puerto Rico,Noticias,https://www.metro.pr/noticias/2023/02/16/de-portugal-nueva-directora-del-dorado-beach/
2023-02-15,Supermercados Selectos abre su tienda número 39 en Vega Alta,Metro Puerto Rico,Noticias,https://www.metro.pr/noticias/2023/02/15/supermercados-selectos-abre-su-tienda-numero-39-en-vega-alta/
2023-02-15,Cada vez más divorcios son provocados por problemas financieros y la inflación , Servicios combinados,Noticias,https://www.metro.pr/noticias/2023/02/15/cada-vez-mas-divorcios-son-provocados-por-problemas-financieros-y-la-inflacion/
2022-12-16,KIA te mueve a regalar algo en Navidad,Metro Puerto Rico,Noticias,https://www.metro.pr/metro-negocios/2022/12/16/kia-te-mueve-a-regalar-algo-en-navidad/
2022-12-15,INVID aumenta su plantilla en respuesta a su crecimiento sostenido ,Metro Puerto Rico,Noticias,https://www.metro.pr/metro-negocios/2022/12/15/invid-aumenta-su-plantilla-en-respuesta-a-su-crecimiento-sostenido/
2022-12-07,"¿Hay picor, rash y escamas?",Metro Puerto RicoMetro Puerto Rico,Noticias,https://www.metro.pr/metro-negocios/2022/12/07/hay-picor-rash-y-escamas/
