fecha,titulo,autor,categoria,enlace
2023-03-08,Arrestan a hombre tras admitir que disparó arma para espantar gallinas,Miguel Rivera Puig ,Policiacas,https://www.elvocero.com/ley-y-orden/policiacas/arrestan-a-hombre-tras-admitir-que-dispar-arma-para-espantar-gallinas/article_79c2fc3e-bdcc-11ed-9de9-8f5fc202881c.html
2023-03-08,Arrestan a presunto autor de carjacking a maestra,Miguel Rivera Puig ,Policiacas,https://www.elvocero.com/ley-y-orden/policiacas/arrestan-a-presunto-autor-de-carjacking-a-maestra/article_80301d4e-bdaf-11ed-bffd-f77953760632.html
2023-03-08,Reportan accidente con vehículo volcado en la PR-52,Nahira Montcourt  Redacción ,Policiacas,https://www.elvocero.com/ley-y-orden/policiacas/reportan-accidente-con-veh-culo-volcado-en-la-pr-52/article_109a633a-bdab-11ed-b681-e34ecfed7277.html
2023-03-08,Celivelys Rivera Santiago será entrevistada hoy por la Policía,Miguel Rivera Puig ,Policiacas,https://www.elvocero.com/ley-y-orden/policiacas/celivelys-rivera-santiago-ser-entrevistada-hoy-por-la-polic-a/article_33ea2ddc-bda8-11ed-801b-17da303ee602.html
2023-03-08,Escalan residencia en Salinas: Se llevaron hasta un juego de ollas,Redacción ,Policiacas,https://www.elvocero.com/ley-y-orden/policiacas/escalan-residencia-en-salinas-se-llevaron-hasta-un-juego-de-ollas/article_3389ed82-bd99-11ed-9649-831fceef64d6.html
2023-03-08,Sin esclarecer muertes de féminas en la Isla,Miguel Rivera Puig ,Policiacas,https://www.elvocero.com/ley-y-orden/policiacas/sin-esclarecer-muertes-de-f-minas-en-la-isla/article_7753cd84-bd4a-11ed-af54-636416c069c3.html
2023-03-08,Muere joven que se accidentó en motora frente a su residencia en Juncos,Redacción ,Policiacas,https://www.elvocero.com/ley-y-orden/policiacas/muere-joven-que-se-accident-en-motora-frente-a-su-residencia-en-juncos/article_413f30a8-bd9f-11ed-a107-17ba413c42e3.html
2023-03-07,Arrestan a hombre y a su madre de 72 años con relación a violento carjacking en Hatillo,Miguel Rivera Puig ,Policiacas,https://www.elvocero.com/ley-y-orden/policiacas/arrestan-a-hombre-y-a-su-madre-de-72-a-os-con-relaci-n-a/article_40d35152-bcf1-11ed-aed3-c78fa912b500.html
2023-03-07,Identifican a joven asesinado en Canóvanas,Carlos Rivera Giusti Redacción ,Policiacas,https://www.elvocero.com/ley-y-orden/policiacas/identifican-a-joven-asesinado-en-can-vanas/article_b6ff3f3a-bcce-11ed-b225-a36329f6d639.html
2023-03-07,Investigan cuatro agresiones sexuales contra niñas,Miguel Rivera Puig ,Policiacas,https://www.elvocero.com/ley-y-orden/policiacas/investigan-cuatro-agresiones-sexuales-contra-ni-as/article_7b72327e-bcd3-11ed-97f5-ab8b1e9cf46a.html
2023-03-07,Hombre es víctima de carjacking mientras esperaba cambio de semáforo,Redacción ,Policiacas,https://www.elvocero.com/ley-y-orden/policiacas/hombre-es-v-ctima-de-carjacking-mientras-esperaba-cambio-de-sem-foro/article_8700a176-bcd7-11ed-8557-1f8991878c85.html
2023-03-07,Radicarán cargos hoy contra guardia de seguridad imputado de herir a manifestante en Aguadilla,Miguel Rivera Puig ,Policiacas,https://www.elvocero.com/ley-y-orden/policiacas/radicar-n-cargos-hoy-contra-guardia-de-seguridad-imputado-de-herir-a-manifestante-en-aguadilla/article_3455907c-bce5-11ed-8e91-9f911557a7f9.html
2023-03-07,En prisión “Flaco Trenzas” por supuestamente intentar atropellar a policías,CyberNews,Policiacas,https://www.elvocero.com/ley-y-orden/policiacas/en-prisi-n-flaco-trenzas-por-supuestamente-intentar-atropellar-a-polic-as/article_a2c3ce5a-bce7-11ed-9e24-43dc6c875a11.html
2023-03-07,"Se tumban $3,000 en efectivo del interior de auto en Toa Baja",Redacción ,Policiacas,https://www.elvocero.com/ley-y-orden/policiacas/se-tumban-3-000-en-efectivo-del-interior-de-auto-en-toa-baja/article_702e5dfa-bce9-11ed-8738-6b4b4b76b6cf.html
2023-03-07,Arrestan a hombre de 81 años por presuntamente abandonar a perro en un saco,CyberNews,Policiacas,https://www.elvocero.com/ley-y-orden/policiacas/arrestan-a-hombre-de-81-a-os-por-presuntamente-abandonar-a-perro-en-un-saco/article_9b89c8dc-bced-11ed-8c54-135e261875fb.html
2023-03-07,Se roban 25 bolas de baloncesto de complejo recreativo en Manatí,Redacción ,Policiacas,https://www.elvocero.com/ley-y-orden/policiacas/se-roban-25-bolas-de-baloncesto-de-complejo-recreativo-en-manat/article_048c3f42-bd05-11ed-9b02-bb0817d34126.html
2023-03-07,Arrestan a convicto federal sospechoso de asesinar a estudiante en Canóvanas,Miguel Rivera Puig ,Policiacas,https://www.elvocero.com/ley-y-orden/policiacas/arrestan-a-convicto-federal-sospechoso-de-asesinar-a-estudiante-en-can-vanas/article_ecb50c0e-bcf6-11ed-b0b4-b3a7d1e1f119.html
2023-03-07,"Arrestan a ""Mota"" y supuestos secuaces durante intervención policíaca",Redacción ,Policiacas,https://www.elvocero.com/ley-y-orden/policiacas/arrestan-a-mota-y-supuestos-secuaces-durante-intervenci-n-polic-aca/article_26fafb48-bd02-11ed-8570-ef06db468322.html
2023-03-07,FEI archiva caso contra alcalde de Isabela,CyberNews,Policiacas,https://www.elvocero.com/ley-y-orden/policiacas/fei-archiva-caso-contra-alcalde-de-isabela/article_d67c4b42-bd09-11ed-a8cb-4b9de5095138.html
2023-03-07,Escalan residencia en Guaynabo,Redacción ,Policiacas,https://www.elvocero.com/ley-y-orden/policiacas/escalan-residencia-en-guaynabo/article_a208b722-bd1a-11ed-a7d4-73abe26601f7.html
2023-03-07,Guardias de seguridad agreden hombre en club de Santurce,CyberNews,Policiacas,https://www.elvocero.com/ley-y-orden/policiacas/guardias-de-seguridad-agreden-hombre-en-club-de-santurce/article_9046a380-bd21-11ed-a13b-a783d73f17ba.html
2023-03-07,Hallan un cuerpo flotando en la playa Las Mujeres,Redacción ,Policiacas,https://www.elvocero.com/ley-y-orden/policiacas/hallan-un-cuerpo-flotando-en-la-playa-las-mujeres/article_e6f4473a-bd2d-11ed-b66e-c3b9198394d6.html
2023-03-07,"Mujer cae en ""pescaito"" y paga por conocer los números ganadores del Pega 3 y 4",CyberNews,Policiacas,https://www.elvocero.com/ley-y-orden/policiacas/mujer-cae-en-pescaito-y-paga-por-conocer-los-n-meros-ganadores-del-pega-3/article_b65ac786-bd2b-11ed-b44f-1b291f08806c.html
2023-03-06,Ocupan arma a menor dentro de mochila para asistir a clases,Redacción ,Policiacas,https://www.elvocero.com/ley-y-orden/policiacas/ocupan-arma-a-menor-dentro-de-mochila-para-asistir-a-clases/article_704ac448-bc96-11ed-8791-53202ce6820b.html
2023-03-06,Un hombre es asesinado y otro resulta herido de bala en Canóvanas,Nahira Montcourt  Redacción ,Policiacas,https://www.elvocero.com/ley-y-orden/policiacas/un-hombre-es-asesinado-y-otro-resulta-herido-de-bala-en-can-vanas/article_8ca44c40-bc6e-11ed-8c0d-93d1549afd84.html
2023-03-06,Se llevan más de $550 mil en joyería en el Viejo San Juan,Miguel Rivera Puig ,Policiacas,https://www.elvocero.com/ley-y-orden/policiacas/se-llevan-m-s-de-550-mil-en-joyer-a-en-el-viejo-san-juan/article_ec872eca-bc55-11ed-a935-c3f426eeb6b2.html
2023-03-06,Ocupan un rifle en el monte donde se ocultaron los individuos por tiroteo contra agentes en Guayama,Miguel Rivera Puig ,Policiacas,https://www.elvocero.com/ley-y-orden/policiacas/ocupan-un-rifle-en-el-monte-donde-se-ocultaron-los-individuos-por-tiroteo-contra-agentes/article_51288832-bc07-11ed-aff8-8b6a27d1c9e7.html
2023-03-06,Hombre es víctima de carjacking en gasolinera en San Juan,Redacción ,Policiacas,https://www.elvocero.com/ley-y-orden/policiacas/hombre-es-v-ctima-de-carjacking-en-gasolinera-en-san-juan/article_3e306026-bc0a-11ed-905c-2bfa7d2c113d.html
2023-03-06,FBI revela imágenes de sospechosos de asalto a banco en Dorado,CyberNews,Policiacas,https://www.elvocero.com/ley-y-orden/policiacas/fbi-revela-im-genes-de-sospechosos-de-asalto-a-banco-en-dorado/article_ed144d82-bc41-11ed-a533-ff6843e64c66.html
2023-03-06,Mitad de la deuda del CRIM “no es cobrable”,Efraín Montalbán Ríos ,Policiacas,https://www.elvocero.com/ley-y-orden/policiacas/mitad-de-la-deuda-del-crim-no-es-cobrable/article_20218bb6-bba9-11ed-968e-ef3cf2404b8d.html
2023-03-06,Jueza determina no causa contra sexagenaria imputada de atacar a machetazos a su vecina,Miguel Rivera Puig ,Policiacas,https://www.elvocero.com/ley-y-orden/policiacas/jueza-determina-no-causa-contra-sexagenaria-imputada-de-atacar-a-machetazos-a-su-vecina/article_3c9a41e6-bc05-11ed-99c4-c39cedfbfa67.html
2023-03-06,Reportan escalamiento en una residencia de Aibonito,Redacción ,Policiacas,https://www.elvocero.com/ley-y-orden/policiacas/reportan-escalamiento-en-una-residencia-de-aibonito/article_070a1218-bc5f-11ed-94f4-6f0e91b084fb.html
2023-03-06,Asesinan a contratista en medio de altercado por estacionamiento,Miguel Rivera Puig ,Policiacas,https://www.elvocero.com/ley-y-orden/policiacas/asesinan-a-contratista-en-medio-de-altercado-por-estacionamiento/article_be7d5480-bc0c-11ed-897b-cf2b24036e1e.html
2023-03-06,Investigan carjacking en puesto de gasolina en Guaynabo,Redacción ,Policiacas,https://www.elvocero.com/ley-y-orden/policiacas/investigan-carjacking-en-puesto-de-gasolina-en-guaynabo/article_c7c92986-bc18-11ed-a66a-cbf98b17e3bb.html
2023-03-06,Identifican a joven que perdió la vida en accidente en Juana Díaz,Redacción ,Policiacas,https://www.elvocero.com/ley-y-orden/policiacas/identifican-a-joven-que-perdi-la-vida-en-accidente-en-juana-d-az/article_61dec5f0-bc12-11ed-8ef2-c7086f77086c.html
2023-03-06,Imparable el hurto de catalíticos: se roban varios en Guaynabo,Redacción ,Policiacas,https://www.elvocero.com/ley-y-orden/policiacas/imparable-el-hurto-de-catal-ticos-se-roban-varios-en-guaynabo/article_d7af970a-bc3f-11ed-b991-331c2e809034.html
2023-03-05,Policía: Niña de 9 años armada de un cuchillo amenaza de muerte a su abuela,Miguel Rivera Puig ,Policiacas,https://www.elvocero.com/ley-y-orden/policiacas/polic-a-ni-a-de-9-a-os-armada-de-un-cuchillo-amenaza-de-muerte/article_d19504e0-bb45-11ed-89f3-071e32b71467.html
2023-03-05,FBI detiene y libera a presunto sospechoso del asalto a banco en Dorado,Miguel Rivera Puig ,Policiacas,https://www.elvocero.com/ley-y-orden/policiacas/fbi-detiene-y-libera-a-presunto-sospechoso-del-asalto-a-banco-en-dorado/article_f3a5bab4-bb47-11ed-b102-c78ffb4dc597.html
2023-03-05,Escalan planta de la AAA en Ponce,CyberNews,Policiacas,https://www.elvocero.com/ley-y-orden/policiacas/escalan-planta-de-la-aaa-en-ponce/article_7d28f3f6-bb51-11ed-a97b-83030b7d248b.html
2023-03-05,Hombre pierde la vida en accidente en Juana Díaz,Redacción ,Policiacas,https://www.elvocero.com/ley-y-orden/policiacas/hombre-pierde-la-vida-en-accidente-en-juana-d-az/article_99ceaf5c-bb59-11ed-9053-9b1d66eb9e9f.html
2023-03-05,Hombre muere arrollado en Camuy,Redacción ,Policiacas,https://www.elvocero.com/ley-y-orden/policiacas/hombre-muere-arrollado-en-camuy/article_ecfe4482-bb5c-11ed-ba7e-cb27b6856150.html
2023-03-05,“Mango” le cae a tubazos a vecino en Arecibo,CyberNews,Policiacas,https://www.elvocero.com/ley-y-orden/policiacas/mango-le-cae-a-tubazos-a-vecino-en-arecibo/article_30e6c5ee-bb61-11ed-b3f5-bfd85b83fd3e.html
2023-03-05,Radicarán cargos contra sexagenaria imputada de atacar a machetazos a su vecina,Miguel Rivera Puig ,Policiacas,https://www.elvocero.com/ley-y-orden/policiacas/radicar-n-cargos-contra-sexagenaria-imputada-de-atacar-a-machetazos-a-su-vecina/article_f1f53b98-bb71-11ed-b9bf-c3848d811a10.html
2023-03-05,Agente sufre heridas de gravedad al ser atropellado en Canóvanas,Miguel Rivera Puig ,Policiacas,https://www.elvocero.com/ley-y-orden/policiacas/agente-sufre-heridas-de-gravedad-al-ser-atropellado-en-can-vanas/article_f41539f6-bb7f-11ed-bc40-d32f4dacac31.html
2023-03-05,Encuentran una extremidad en la playa Caracoles en Arecibo,Redacción ,Policiacas,https://www.elvocero.com/ley-y-orden/policiacas/encuentran-una-extremidad-en-la-playa-caracoles-en-arecibo/article_78730900-bb92-11ed-8fdb-af461a816df8.html
2023-03-05,Buscan a individuos que presuntamente dispararon contra agentes de la Policía en Guayama,Miguel Rivera Puig ,Policiacas,https://www.elvocero.com/ley-y-orden/policiacas/buscan-a-individuos-que-presuntamente-dispararon-contra-agentes-de-la-polic-a-en-guayama/article_50889a8c-bba5-11ed-a5ae-c3c467218e6a.html
2023-03-05,Suman 100 los asesinatos desde que comenzó el 2023,Josian E. Bruno Gómez  ArchivoMiguel Rivera Puig ,Policiacas,https://www.elvocero.com/ley-y-orden/policiacas/suman-100-los-asesinatos-desde-que-comenz-el-2023/article_32798772-bb41-11ed-b87a-776e6ea9063b.html
2023-03-05,Muerte violenta en el barrio Húcares en Naguabo,Redacción ,Policiacas,https://www.elvocero.com/ley-y-orden/policiacas/muerte-violenta-en-el-barrio-h-cares-en-naguabo/article_d2274fc2-bb8f-11ed-8d61-73bc17cf0bd5.html
2023-03-04,Accidente de carácter grave deja dos heridos en Bayamón,Redacción ,Policiacas,https://www.elvocero.com/ley-y-orden/policiacas/accidente-de-car-cter-grave-deja-dos-heridos-en-bayam-n/article_2f9b279e-bad4-11ed-9d15-131347f609e7.html
2023-03-04,Incendian un bote y dos autos en Vieques,Redacción ,Policiacas,https://www.elvocero.com/ley-y-orden/policiacas/incendian-un-bote-y-dos-autos-en-vieques/article_cb579cbe-bacd-11ed-9372-eb24d04b723b.html
2023-03-04,El reguetonero Drizmali es arrestado por alguaciles federales,,Federal,https://www.elvocero.com/ley-y-orden/federal/el-reguetonero-drizmali-es-arrestado-por-alguaciles-federales/article_1b780eca-bab7-11ed-ac9a-1b85ef27aa9d.html
2023-03-03,Exasistente de Trujillo Alto sentenciado a dos años y medio de cárcel por aceptar sobornos,CyberNews,Federal,https://www.elvocero.com/ley-y-orden/federal/exasistente-de-trujillo-alto-sentenciado-a-dos-a-os-y-medio-de-c-rcel-por/article_71a1d494-ba02-11ed-b1a9-db08570fe42c.html
2023-03-03,Definido el proceso de confirmación del Plan de Ajuste de la Deuda de la AEE,Pedro Menéndez Sanabria ,Federal,https://www.elvocero.com/ley-y-orden/federal/definido-el-proceso-de-confirmaci-n-del-plan-de-ajuste-de-la-deuda-de-la/article_5305c12c-b96b-11ed-b227-33b74b0a4389.html
2023-03-02,Se entregan más coacusados del esquema de narcotráfico imputado al cantante Drizmali,Pedro Menéndez Sanabria ,Federal,https://www.elvocero.com/ley-y-orden/federal/se-entregan-m-s-coacusados-del-esquema-de-narcotr-fico-imputado-al-cantante-drizmali/article_8fd1499c-b915-11ed-bf1c-574893bbe3d7.html
2023-03-02,Sentencian a mujer a 24 meses de prisión por malversación de fondos,Redacción ,Federal,https://www.elvocero.com/ley-y-orden/federal/sentencian-a-mujer-a-24-meses-de-prisi-n-por-malversaci-n-de-fondos/article_8ae8486a-b913-11ed-9b3a-57ff76e05300.html
2023-03-01,VÍDEO: Radican cargos en ausencia contra hombre que chocó intencionalmente a su expareja,Redacción ,Justicia,https://www.elvocero.com/ley-y-orden/justicia/v-deo-radican-cargos-en-ausencia-contra-hombre-que-choc-intencionalmente-a-su-expareja/article_a4fb41fe-b881-11ed-b996-13f033b077ef.html
2023-03-01,Sobrino de Ricky Martin se expone a sanciones económicas y “rebeldía”,Redacción ,Justicia,https://www.elvocero.com/ley-y-orden/justicia/sobrino-de-ricky-martin-se-expone-a-sanciones-econ-micas-y-rebeld-a/article_89707c38-b859-11ed-b545-c32a6b6dfce1.html
2023-03-01,Ángel Pérez no acepta acuerdo con la Fiscalía federal,Josian E. Bruno Gómez Pedro Menéndez Sanabria ,Federal,https://www.elvocero.com/ley-y-orden/federal/ngel-p-rez-no-acepta-acuerdo-con-la-fiscal-a-federal/article_f964b368-b86a-11ed-b715-ef2f6c9b186c.html
2023-03-01,Fiscalía confirma que todavía hay un acuerdo disponible sobre la mesa en caso de Ángel Pérez,Josian E. Bruno Gómez Pedro Menéndez Sanabria ,Federal,https://www.elvocero.com/ley-y-orden/federal/fiscal-a-confirma-que-todav-a-hay-un-acuerdo-disponible-sobre-la-mesa-en-caso/article_3a67d0bc-b842-11ed-bc0d-b7a59dca10f1.html
2023-03-01,Abierta la puerta para otro aumento en el servicio eléctrico,Pedro Menéndez Sanabria ,Federal,https://www.elvocero.com/ley-y-orden/federal/abierta-la-puerta-para-otro-aumento-en-el-servicio-el-ctrico/article_85685350-b7d1-11ed-8b87-7b18f1f9d807.html
2023-02-28,Radican cargos criminales contra hombre por presuntamente agredir y amenazar a su pareja,Redacción ,Justicia,https://www.elvocero.com/ley-y-orden/justicia/radican-cargos-criminales-contra-hombre-por-presuntamente-agredir-y-amenazar-a-su-pareja/article_936a325c-b7cc-11ed-9ad9-3f728edc3004.html
2023-02-28,Radican cargos contra tesorera de club atlético por esquema de fraude,Redacción ,Federal,https://www.elvocero.com/ley-y-orden/federal/radican-cargos-contra-tesorera-de-club-atl-tico-por-esquema-de-fraude/article_ee7547ac-b78d-11ed-bc04-f771945f5664.html
2023-02-28,Se entregan dos coacusados del esquema de narcotráfico imputado al cantante Drizmali,Nahira Montcourt  Pedro Menéndez Sanabria ,Federal,https://www.elvocero.com/ley-y-orden/federal/se-entregan-dos-coacusados-del-esquema-de-narcotr-fico-imputado-al-cantante-drizmali/article_361946da-b77a-11ed-a177-77931e356cb8.html
2023-02-28,Duro revés a la defensa de Wanda Vázquez y sus coacusados,Pedro Menéndez Sanabria ,Federal,https://www.elvocero.com/ley-y-orden/federal/duro-rev-s-a-la-defensa-de-wanda-v-zquez-y-sus-coacusados/article_a036f9a8-b771-11ed-bd37-c347b636b0af.html
2023-02-28,Protestan contra aumento en la luz propuesto para el pago de bonistas,Peter Amador Ayeza Díaz Rolón ,Federal,https://www.elvocero.com/ley-y-orden/federal/protestan-contra-aumento-en-la-luz-propuesto-para-el-pago-de-bonistas/article_4df97814-b76c-11ed-9892-136740f0fa61.html
2023-02-28,FBI arresta a hombre por pornografía infantil,CyberNews,Federal,https://www.elvocero.com/ley-y-orden/federal/fbi-arresta-a-hombre-por-pornograf-a-infantil/article_ff978860-b779-11ed-8676-7fdfac8d1565.html
2023-02-27,"No hay acuerdo: la defensa de Cosculluela fue quien buscó negociar el caso, según Fiscalía",Peter Amador Redacción ,Justicia,https://www.elvocero.com/ley-y-orden/justicia/no-hay-acuerdo-la-defensa-de-cosculluela-fue-quien-busc-negociar-el-caso-seg-n/article_1c0e6c9a-b6a1-11ed-b14c-6f9a73888784.html
2023-02-27,Arrestan a dos hombres por cargos relacionados a explotación de menores,Redacción ,Federal,https://www.elvocero.com/ley-y-orden/federal/arrestan-a-dos-hombres-por-cargos-relacionados-a-explotaci-n-de-menores/article_a5697d60-b6e0-11ed-b13c-87041d454c07.html
2023-02-27,Interceptan una embarcación con 15 indocumentados en Rincón,CyberNews,Federal,https://www.elvocero.com/ley-y-orden/federal/interceptan-una-embarcaci-n-con-15-indocumentados-en-rinc-n/article_31486162-b6db-11ed-96f7-2b4e93d2515f.html
2023-02-27,Solicitan que se incaute material del gran jurado en caso contra Sixto George,Pedro Menéndez Sanabria ,Federal,https://www.elvocero.com/ley-y-orden/federal/solicitan-que-se-incaute-material-del-gran-jurado-en-caso-contra-sixto-george/article_486eca7a-b636-11ed-adde-978f33b3cdae.html
2023-02-27,Rechaza cambiar la fecha del juicio contra Ángel Pérez,Pedro Menéndez Sanabria ,Federal,https://www.elvocero.com/ley-y-orden/federal/rechaza-cambiar-la-fecha-del-juicio-contra-ngel-p-rez/article_d859a966-b63b-11ed-8369-efc634110866.html
2023-02-24,FBI asume investigación sobre robo a banco en Dorado,Nahira Montcourt  CyberNews,Federal,https://www.elvocero.com/ley-y-orden/federal/fbi-asume-investigaci-n-sobre-robo-a-banco-en-dorado/article_c7ee5e78-b47e-11ed-bd50-77e7e0d2d204.html
2023-02-24,Radican cargos en ausencia contra hombre que presuntamente atacó a tiros a dos personas,Redacción ,Justicia,https://www.elvocero.com/ley-y-orden/justicia/radican-cargos-en-ausencia-contra-hombre-que-presuntamente-atac-a-tiros-a-dos-personas/article_35ee2834-b48b-11ed-a99a-4bbd6759ef10.html
2023-02-24,Continúa la vista preliminar contra Cosculluela por caso de violencia doméstica,Peter Amador Redacción ,Justicia,https://www.elvocero.com/ley-y-orden/justicia/contin-a-la-vista-preliminar-contra-cosculluela-por-caso-de-violencia-dom-stica/article_5ccc8100-b1e6-11ed-9936-a77fde6cfddd.html
2023-02-24,Sin esclarecer dos incidentes reportados por Jennifer Fungenzi contra Cosculluela,Josian E. Bruno Gómez Rafelli González  ,Justicia,https://www.elvocero.com/ley-y-orden/justicia/sin-esclarecer-dos-incidentes-reportados-por-jennifer-fungenzi-contra-cosculluela/article_cffe2acc-b491-11ed-b2ea-7795587191b8.html
2023-02-23,Complicado camino a la apelación para empresario Villegas,Pedro Menéndez Sanabria Pedro Menéndez Sanabria ,Federal,https://www.elvocero.com/ley-y-orden/federal/complicado-camino-a-la-apelaci-n-para-empresario-villegas/article_16239de4-b315-11ed-ad9d-5f4073aac4e4.html
2023-02-23,Exrepresentante Néstor Alonso es sentenciado a 63 meses de prisión,Josian E. Bruno Gómez Pedro Menéndez Sanabria ,Federal,https://www.elvocero.com/ley-y-orden/federal/exrepresentante-n-stor-alonso-es-sentenciado-a-63-meses-de-prisi-n/article_c9686640-b389-11ed-83d5-db86b832af25.html
2023-02-23,Acusan por fraude a la presidenta y tesorera de la empresa VIP Healthcare,Nahira Montcourt  Redacción ,Federal,https://www.elvocero.com/ley-y-orden/federal/acusan-por-fraude-a-la-presidenta-y-tesorera-de-la-empresa-vip-healthcare/article_4999795a-b3dd-11ed-bef9-c384a845a244.html
2023-02-22,Justicia presenta cargos contra dueños de dos hogares de envejecientes,Redacción ,Justicia,https://www.elvocero.com/ley-y-orden/justicia/justicia-presenta-cargos-contra-due-os-de-dos-hogares-de-envejecientes/article_029f4d1c-b2f3-11ed-ba02-ff472b917bfe.html
2023-02-22,Se “acabó el chiste” para cantante urbano Drizmali,Nahira Montcourt  Pedro Menéndez Sanabria ,Federal,https://www.elvocero.com/ley-y-orden/federal/se-acab-el-chiste-para-cantante-urbano-drizmali/article_1d8dabe4-b250-11ed-9fa3-7702b6a4d8e4.html
2023-02-22,Encuentro con “El Cano” casi le cuesta cárcel inmediata a empresario,Pedro Menéndez Sanabria ,Federal,https://www.elvocero.com/ley-y-orden/federal/encuentro-con-el-cano-casi-le-cuesta-c-rcel-inmediata-a-empresario/article_a1f71a86-b251-11ed-932e-cf5cf0a7c2e6.html
2023-02-22,Empresario Mario Villegas es sentenciado a 46 meses de cárcel,Pedro Menéndez Sanabria Pedro Menéndez Sanabria ,Federal,https://www.elvocero.com/ley-y-orden/federal/empresario-mario-villegas-es-sentenciado-a-46-meses-de-c-rcel/article_0d92dbae-b2b1-11ed-abdb-47dec8901aba.html
2023-02-22,"Exasesor tendrá que restituir $680,000 por fraude al municipio de Mayagüez",Pedro Menéndez Sanabria ,Federal,https://www.elvocero.com/ley-y-orden/federal/exasesor-tendr-que-restituir-680-000-por-fraude-al-municipio-de-mayag-ez/article_292af7e4-b2ec-11ed-a798-13b270ace325.html
2023-02-22,Entramado legal impide finalizar pugna sobre expresiones catalogadas como racistas en Canóvanas,Josian E. Bruno Gómez Alejandra Jover ,Justicia,https://www.elvocero.com/ley-y-orden/justicia/entramado-legal-impide-finalizar-pugna-sobre-expresiones-catalogadas-como-racistas-en-can-vanas/article_1380996e-b2fe-11ed-a80d-538a264b17ec.html
2023-02-22,Jorge de Castro Font acude a su cita en el Departamento de Justicia,Nahira Montcourt  Andrea Cruz  ,Justicia,https://www.elvocero.com/ley-y-orden/justicia/jorge-de-castro-font-acude-a-su-cita-en-el-departamento-de-justicia/article_142f36ec-b2b6-11ed-b1ae-bf22a8d82e57.html
2023-02-22,VÍDEO: Caso por alegado racismo contra pareja en Canóvanas toma un nuevo giro,Josian E. Bruno Gómez Alejandra Jover ,Justicia,https://www.elvocero.com/ley-y-orden/justicia/v-deo-caso-por-alegado-racismo-contra-pareja-en-can-vanas-toma-un-nuevo-giro/article_5e039f72-b2b8-11ed-9c4b-5b34e5a00f69.html
2023-02-21,Fiscalía federal ofrece detalles sobre arrestos en operativo por narcotráfico,Redacción ,Federal,https://www.elvocero.com/ley-y-orden/federal/fiscal-a-federal-ofrece-detalles-sobre-arrestos-en-operativo-por-narcotr-fico/article_b44633be-b203-11ed-868a-93db0cd35018.html
2023-02-21,Se declara culpable el “influencer” Chris Agront,Redacción ,Justicia,https://www.elvocero.com/ley-y-orden/justicia/se-declara-culpable-el-influencer-chris-agront/article_97875c84-b1f0-11ed-933a-57ce363e5d26.html
2023-02-18,Relevan de sus funciones a oficial de Guardia Costera que chocó en costas de Dorado,CyberNews,Federal,https://www.elvocero.com/ley-y-orden/federal/relevan-de-sus-funciones-a-oficial-de-guardia-costera-que-choc-en-costas-de-dorado/article_00361b44-af8f-11ed-b3bb-0fe5f7a6525f.html
2023-02-18,Justicia federal trasladará animales del zoológico de Mayagüez,Rafelli González  ,Federal,https://www.elvocero.com/ley-y-orden/federal/justicia-federal-trasladar-animales-del-zool-gico-de-mayag-ez/article_d3ca8588-af3c-11ed-91e3-8324325e3eb4.html
2023-02-17,Hallan causa para juicio contra hombre que presuntamente asesinó a otro frente una escuela en Carolina,Redacción ,Justicia,https://www.elvocero.com/ley-y-orden/justicia/hallan-causa-para-juicio-contra-hombre-que-presuntamente-asesin-a-otro-frente-una-escuela-en/article_46e5d74a-af13-11ed-8108-878caa6883a4.html
2023-02-17,Sentencian a hombre a 24 años de cárcel por pornografía infantil,Redacción ,Federal,https://www.elvocero.com/ley-y-orden/federal/sentencian-a-hombre-a-24-a-os-de-c-rcel-por-pornograf-a-infantil/article_3dfb3846-aeff-11ed-aac1-a7ac553358fc.html
2023-02-17,Caso de Kevin Fret: Justicia no entregará documentos sobre investigación del asesinato,Redacción ,Justicia,https://www.elvocero.com/ley-y-orden/justicia/caso-de-kevin-fret-justicia-no-entregar-documentos-sobre-investigaci-n-del-asesinato/article_d88a5ad4-aef2-11ed-9b6a-83b978359494.html
2023-02-17,No comparece a citación el exmanejador de Ozuna en caso de Kevin Fret,Miguel Rivera Puig ,Justicia,https://www.elvocero.com/ley-y-orden/justicia/no-comparece-a-citaci-n-el-exmanejador-de-ozuna-en-caso-de-kevin-fret/article_1276e9bc-ae60-11ed-bfb7-bfaca9e8d745.html
2023-02-17,Alianza busca atender el mal estado del zoológico en Mayagüez,CyberNews,Federal,https://www.elvocero.com/ley-y-orden/federal/alianza-busca-atender-el-mal-estado-del-zool-gico-en-mayag-ez/article_431c8978-aee2-11ed-816d-cf7537980f30.html
2023-02-16,Solicitarán 57 meses de cárcel para empresario Mario Villegas,Pedro Menéndez Sanabria ,Federal,https://www.elvocero.com/ley-y-orden/federal/solicitar-n-57-meses-de-c-rcel-para-empresario-mario-villegas/article_bf359318-ad9f-11ed-9ab9-3fccd00e902a.html
2023-02-16,Juez declara culpable a empresario que mató a tiros a perro en Río Grande,Miguel Rivera Puig ,Justicia,https://www.elvocero.com/ley-y-orden/justicia/juez-declara-culpable-a-empresario-que-mat-a-tiros-a-perro-en-r-o-grande/article_0c52b8be-ae2d-11ed-9eb7-0f67e0bf5989.html
2023-02-15,Arrestan a maestro por presuntamente enviar fotos sexualmente explícitas a menor de edad,Redacción ,Federal,https://www.elvocero.com/ley-y-orden/federal/arrestan-a-maestro-por-presuntamente-enviar-fotos-sexualmente-expl-citas-a-menor-de-edad/article_6891c30a-ad4b-11ed-8b83-83174b204f92.html
2023-02-15,Radican cargos contra hombre que presuntamente apuntó a su pareja con un arma en Ponce,Redacción ,Justicia,https://www.elvocero.com/ley-y-orden/justicia/radican-cargos-contra-hombre-que-presuntamente-apunt-a-su-pareja-con-un-arma-en-ponce/article_4aab2488-ad75-11ed-b51a-73e1df178fbd.html
2023-02-15,Causa para arresto contra hombre de 70 años que provocó choque fatal en el puente Teodoro Moscoso,Redacción ,Justicia,https://www.elvocero.com/ley-y-orden/justicia/causa-para-arresto-contra-hombre-de-70-a-os-que-provoc-choque-fatal-en-el/article_62d825a4-ad59-11ed-9119-ef673dfee51a.html
2023-02-15,Exmanejador de Ozuna citado nuevamente por fiscalía para investigación del asesinato de Kevin Fret,Miguel Rivera Puig ,Justicia,https://www.elvocero.com/ley-y-orden/justicia/exmanejador-de-ozuna-citado-nuevamente-por-fiscal-a-para-investigaci-n-del-asesinato-de-kevin/article_337cd1a0-ad64-11ed-b1b9-3720722c9cdc.html
2023-02-14,Cargo heredado será una orden judicial,Pedro Menéndez Sanabria ,Federal,https://www.elvocero.com/ley-y-orden/federal/cargo-heredado-ser-una-orden-judicial/article_327c67c2-ac09-11ed-aeef-6f080e6f15dd.html
2023-02-14,Condenan a más de 12 años de cárcel a entrenador de softball por abuso sexual contra menor,Nahira Montcourt  Redacción ,Federal,https://www.elvocero.com/ley-y-orden/federal/condenan-a-m-s-de-12-a-os-de-c-rcel-a-entrenador-de-softball/article_c6084fe0-ac97-11ed-b7d9-9b0d3fdab5f6.html
2023-02-13,Deniegan reclamo de la defensa de Ángel Pérez,Pedro Menéndez Sanabria ,Federal,https://www.elvocero.com/ley-y-orden/federal/deniegan-reclamo-de-la-defensa-de-ngel-p-rez/article_67062454-ab34-11ed-b3d3-33e3801dd95b.html
2023-02-13,"Justicia recomienda FEI para investigar al exalcalde de Guaynabo, Ángel Pérez Otero",Redacción ,Justicia,https://www.elvocero.com/ley-y-orden/justicia/justicia-recomienda-fei-para-investigar-al-exalcalde-de-guaynabo-ngel-p-rez-otero/article_831061c2-abbc-11ed-9772-af6682c47d76.html
2023-02-11,Determinan no radicar cargos contra Anuel AA por alegada violencia doméstica,Redacción ,Justicia,https://www.elvocero.com/ley-y-orden/justicia/determinan-no-radicar-cargos-contra-anuel-aa-por-alegada-violencia-dom-stica/article_838f6bf4-aa48-11ed-a919-971b614b46e6.html
2023-02-11,Sentencian a coacusadas en caso de Keleher,Redacción ,Federal,https://www.elvocero.com/ley-y-orden/federal/sentencian-a-coacusadas-en-caso-de-keleher/article_f13dbdaa-a9b1-11ed-9922-db9ec21325bf.html
2023-02-10,Presuntos asesinos de joven militar en Ponce irán a juicio,Redacción ,Justicia,https://www.elvocero.com/ley-y-orden/justicia/presuntos-asesinos-de-joven-militar-en-ponce-ir-n-a-juicio/article_d6516f92-a983-11ed-8208-53c784100624.html
2023-02-10,Mujer imputada por atropellar a joven que guardaba compra en Plaza Escorial irá a juicio,Redacción ,Justicia,https://www.elvocero.com/ley-y-orden/justicia/mujer-imputada-por-atropellar-a-joven-que-guardaba-compra-en-plaza-escorial-ir-a-juicio/article_3e35b164-a99c-11ed-bfbf-ebe6644d523a.html
2023-02-10,Tribunal ordena demolición de construcción cerca del antiguo muelle de azúcar en Aguadilla,Redacción ,Justicia,https://www.elvocero.com/ley-y-orden/justicia/tribunal-ordena-demolici-n-de-construcci-n-cerca-del-antiguo-muelle-de-az-car-en/article_1abbf6f2-a998-11ed-a715-d74bfbeda88e.html
2023-02-10,Exalcalde de Aguas Buenas se declara culpable por conspiración en esquema de soborno,Redacción ,Justicia,https://www.elvocero.com/ley-y-orden/justicia/exalcalde-de-aguas-buenas-se-declara-culpable-por-conspiraci-n-en-esquema-de-soborno/article_29c63070-a977-11ed-85d4-fb5bbc224d3b.html
2023-02-10,"Radican cargos contra hombre por robar tablets, dos bocinas y $20 de un preescolar en Cupey",Redacción ,Justicia,https://www.elvocero.com/ley-y-orden/justicia/radican-cargos-contra-hombre-por-robar-tablets-dos-bocinas-y-20-de-un-preescolar-en/article_8c42acd4-a94e-11ed-8ce2-e7493106cca2.html
2023-02-10,Archivan investigación contra la exgobernadora Wanda Vázquez,Alejandra Jover ,Justicia,https://www.elvocero.com/ley-y-orden/justicia/archivan-investigaci-n-contra-la-exgobernadora-wanda-v-zquez/article_5e4b89ce-a8de-11ed-91ae-a3e300dbe1fd.html
2023-02-10,Defensa de Sixto George solicita revocación de orden de mordaza,Pedro Menéndez Sanabria ,Justicia,https://www.elvocero.com/ley-y-orden/justicia/defensa-de-sixto-george-solicita-revocaci-n-de-orden-de-mordaza/article_3ad7546c-a8e5-11ed-acbd-233c779af52b.html
2023-02-10,VÍDEO: Abel Nazario es sentenciado a 18 meses de cárcel por corrupción,Peter Amador Redacción ,Federal,https://www.elvocero.com/ley-y-orden/federal/v-deo-abel-nazario-es-sentenciado-a-18-meses-de-c-rcel-por-corrupci-n/article_8d6b3462-a95a-11ed-b086-6387335c26ba.html
2023-02-08,Panel sobre el FEI refiere a exrectora de Ciencias Médicas a Ética Gubernamental,Redacción ,Justicia,https://www.elvocero.com/ley-y-orden/justicia/panel-sobre-el-fei-refiere-a-exrectora-de-ciencias-m-dicas-a-tica-gubernamental/article_d9c8ba60-a7d3-11ed-9dd3-c398dd82747e.html
2023-02-08,"VÍDEO: Vuelven a posponer la vista preliminar contra Randy ""Nota Loca""",Peter Amador Alejandra Jover ,Justicia,https://www.elvocero.com/ley-y-orden/justicia/v-deo-vuelven-a-posponer-la-vista-preliminar-contra-randy-nota-loca/article_973f1fd4-a7ad-11ed-bb16-ef5b0e128c2d.html
2023-02-08,Causa para arresto contra sospechosos de ataque a tiros a dos policías en Mayagüez,Redacción ,Justicia,https://www.elvocero.com/ley-y-orden/justicia/causa-para-arresto-contra-sospechosos-de-ataque-a-tiros-a-dos-polic-as-en-mayag/article_e2790f7c-a803-11ed-bdeb-1fa530273330.html
2023-02-08,Radican querella contra exrectora de Ciencias Médicas,Yaritza Rivera Clemente ,Justicia,https://www.elvocero.com/ley-y-orden/justicia/radican-querella-contra-exrectora-de-ciencias-m-dicas/article_a2048128-a750-11ed-b738-af915f5c37f6.html
2023-02-07,Defensa del exrepresentante Néstor Alonso Vega solicitará confinamiento en el hogar,Pedro Menéndez Sanabria ,Federal,https://www.elvocero.com/ley-y-orden/federal/defensa-del-exrepresentante-n-stor-alonso-vega-solicitar-confinamiento-en-el-hogar/article_bcfdc7d8-a682-11ed-9183-473990531cf1.html
2023-02-07,Ante el Tribunal Supremo de Puerto Rico la colegiación obligatoria de los CPA,Redacción ,Justicia,https://www.elvocero.com/ley-y-orden/justicia/ante-el-tribunal-supremo-de-puerto-rico-la-colegiaci-n-obligatoria-de-los-cpa/article_d624aad8-a6e6-11ed-89e9-df5e55e9aa20.html
2023-02-07,"Solicitan enmendar orden de protección de evidencia en caso del exalcalde de Guaynabo, Ángel Pérez",Pedro Menéndez Sanabria ,Federal,https://www.elvocero.com/ley-y-orden/federal/solicitan-enmendar-orden-de-protecci-n-de-evidencia-en-caso-del-exalcalde-de-guaynabo-ngel/article_e38aa706-a676-11ed-ad8d-436a8372d98a.html
2023-02-06,Radican cargos criminales a joven sospechoso de asesinar hombre en Morovis,Redacción ,Justicia,https://www.elvocero.com/ley-y-orden/justicia/radican-cargos-criminales-a-joven-sospechoso-de-asesinar-hombre-en-morovis/article_c81de1f4-a680-11ed-9899-3370d935ff2a.html
2023-02-06,Defensa de Sixto George allanó el camino para una apelación,Pedro Menéndez Sanabria ,Federal,https://www.elvocero.com/ley-y-orden/federal/defensa-de-sixto-george-allan-el-camino-para-una-apelaci-n/article_e6613308-a5b5-11ed-9cd9-7be5bff72ab5.html
2023-02-06,"Bajo custodia de los federales un prominente integrante de la ganga de ""El Burro""",Pedro Menéndez Sanabria ,Federal,https://www.elvocero.com/ley-y-orden/federal/bajo-custodia-de-los-federales-un-prominente-integrante-de-la-ganga-de-el-burro/article_a697bf36-a640-11ed-8823-ef28b8e4e2fc.html
2023-02-06,Objetan Plan de Ajuste de la AEE,Pedro Menéndez Sanabria ,Justicia,https://www.elvocero.com/ley-y-orden/justicia/objetan-plan-de-ajuste-de-la-aee/article_f119d13a-a5bd-11ed-8b53-8f8277e6194d.html
2023-02-04,Sixto George apelará veredicto de culpabilidad,Alejandra Jover Peter Amador Peter Amador Peter Amador Peter Amador Peter Amador Peter Amador Peter Amador Peter Amador Peter Amador Peter Amador Peter Amador Peter Amador Peter Amador Peter Amador Peter Amador Peter Amador ,Federal,https://www.elvocero.com/ley-y-orden/federal/sixto-george-apelar-veredicto-de-culpabilidad/article_79a362d8-a42d-11ed-b4d0-8336f4eb77cd.html
2023-02-03,Abogados que habrían pagado para ocultar a testigo de doble asesinato enfrentan la justicia,Rafelli González  ,Justicia,https://www.elvocero.com/ley-y-orden/justicia/abogados-que-habr-an-pagado-para-ocultar-a-testigo-de-doble-asesinato-enfrentan-la-justicia/article_b0e67b58-a3c5-11ed-92dd-af72f89fc6bf.html
2023-02-03,Causa para arresto contra abogados que habrían pagado para ocultar a testigo de doble asesinato,Redacción ,Justicia,https://www.elvocero.com/ley-y-orden/justicia/causa-para-arresto-contra-abogados-que-habr-an-pagado-para-ocultar-a-testigo-de-doble/article_dc3dfb1a-a3fb-11ed-8daa-ff2e44155ae6.html
2023-02-03,VÍDEO: “Confiado” Sixto George de escuchar un veredicto de inocencia,Peter Amador Alejandra Jover ,Federal,https://www.elvocero.com/ley-y-orden/federal/v-deo-confiado-sixto-george-de-escuchar-un-veredicto-de-inocencia/article_5aa3187e-a3c4-11ed-babb-4be83d348bed.html
2023-02-03,Padre de Sixto George: “Están mintiendo”,Peter Amador Alejandra Jover ,Federal,https://www.elvocero.com/ley-y-orden/federal/padre-de-sixto-george-est-n-mintiendo/article_9bd769d6-a3d7-11ed-9935-bb90eef98a36.html
2023-02-03,Hay veredicto: El jurado ya tiene determinación en el caso contra Sixto George,Redacción ,Federal,https://www.elvocero.com/ley-y-orden/federal/hay-veredicto-el-jurado-ya-tiene-determinaci-n-en-el-caso-contra-sixto-george/article_fa595d10-a3e7-11ed-811b-2b7b726ecee4.html
2023-02-02,Swain pide lograr acuerdos con bonistas no asegurados de la AEE,Istra Pacheco ,Federal,https://www.elvocero.com/ley-y-orden/federal/swain-pide-lograr-acuerdos-con-bonistas-no-asegurados-de-la-aee/article_717acfa8-a296-11ed-a48d-cfaff3e5abf7.html
2023-02-02,En su punto culminante el juicio contra Sixto George,Peter Amador Pedro Menéndez Sanabria ,Federal,https://www.elvocero.com/ley-y-orden/federal/en-su-punto-culminante-el-juicio-contra-sixto-george/article_864bddd0-a306-11ed-94bb-63e6e1826529.html
2023-02-02,Recesa el jurado en el caso de Sixto George,Peter Amador Pedro Menéndez Sanabria ,Federal,https://www.elvocero.com/ley-y-orden/federal/recesa-el-jurado-en-el-caso-de-sixto-george/article_ae3f1318-a340-11ed-b42a-eb02d85f1719.html
2023-02-02,VIDEO: Se desahoga Sixto George fuera del tribunal federal,Peter Amador Pedro Menéndez Sanabria ,Federal,https://www.elvocero.com/ley-y-orden/federal/video-se-desahoga-sixto-george-fuera-del-tribunal-federal/article_230030fe-a339-11ed-8baa-4b439f1ef1eb.html
2023-02-02,El jurado comienza a deliberar en caso contra Sixto George,Peter Amador Pedro Menéndez Sanabria ,Federal,https://www.elvocero.com/ley-y-orden/federal/el-jurado-comienza-a-deliberar-en-caso-contra-sixto-george/article_dcb6dd0e-a32f-11ed-ae55-63ee686dd202.html
2023-02-01,"Desgarrador relato: ""Yo supliqué por la vida de Jancarlo""",Richard I. Colón Badillo ,Justicia,https://www.elvocero.com/ley-y-orden/justicia/desgarrador-relato-yo-supliqu-por-la-vida-de-jancarlo/article_b2512bc4-a24d-11ed-9a2e-3733a2d929bd.html
2023-02-01,Abogados de sobrino de Ricky Martin renuncian a su representación por “diferencias irreconciliables”,Redacción ,Justicia,https://www.elvocero.com/ley-y-orden/justicia/abogados-de-sobrino-de-ricky-martin-renuncian-a-su-representaci-n-por-diferencias-irreconciliables/article_b2a151fc-a26c-11ed-9c06-03e688aa828a.html
2023-01-31,"No recomiendan FEI a exsubsecretario de Educación, Héctor Joaquín Sánchez Álvarez",Redacción ,Justicia,https://www.elvocero.com/ley-y-orden/justicia/no-recomiendan-fei-a-exsubsecretario-de-educaci-n-h-ctor-joaqu-n-s-nchez-lvarez/article_7a684b90-a0fc-11ed-aca7-9ba80d353d6b.html
2023-01-30,No recomiendan FEI contra senador Albert Torres Berríos por maltrato de menores,CyberNews,Justicia,https://www.elvocero.com/ley-y-orden/justicia/no-recomiendan-fei-contra-senador-albert-torres-berr-os-por-maltrato-de-menores/article_9774c34c-a0db-11ed-9345-1b40fdc2dd41.html
2023-01-27,Radican cargos contra hombre que se hacía pasar por veterinario en Ponce,Redacción ,Justicia,https://www.elvocero.com/ley-y-orden/justicia/radican-cargos-contra-hombre-que-se-hac-a-pasar-por-veterinario-en-ponce/article_be41d36a-9e9d-11ed-b3f9-7f8873a7c8d6.html
2023-01-26,Abogados de Ricky Martin contestan moción de desestimación presentada por sobrino del artista,Jan Figueroa Roqué ,Justicia,https://www.elvocero.com/ley-y-orden/justicia/abogados-de-ricky-martin-contestan-moci-n-de-desestimaci-n-presentada-por-sobrino-del-artista/article_c2e248d6-9db8-11ed-b35c-73c51c51c35f.html
2023-01-25,Radican cargos a hombre por tentativa de asesinato y destrucción de evidencia,Redacción ,Justicia,https://www.elvocero.com/ley-y-orden/justicia/radican-cargos-a-hombre-por-tentativa-de-asesinato-y-destrucci-n-de-evidencia/article_4b35da6c-9cf2-11ed-9c1c-e7d4acc2a222.html
2023-01-23,Hombre es condenado a 21 años de cárcel por producción de pornografía infantil,Redacción ,Justicia,https://www.elvocero.com/ley-y-orden/justicia/hombre-es-condenado-a-21-a-os-de-c-rcel-por-producci-n-de-pornograf/article_92d435e8-9b45-11ed-8ced-e38669c6547d.html
2023-01-23,A su cita con la justicia el productor de radio y televisión Sixto George,Pedro Menéndez Sanabria ,Justicia,https://www.elvocero.com/ley-y-orden/justicia/a-su-cita-con-la-justicia-el-productor-de-radio-y-televisi-n-sixto-george/article_f0ca71ee-9aaf-11ed-aa54-1b4a7511e618.html
2023-01-19,Exesposa de Cosculluela presenta nueva querella en su contra,Josian E. Bruno Gómez Rafelli González  ,Justicia,https://www.elvocero.com/ley-y-orden/justicia/exesposa-de-cosculluela-presenta-nueva-querella-en-su-contra/article_4a87b9e8-9818-11ed-b774-17da760e562e.html
2023-01-19,"Radican cargos contra hombre que se alega recibió $21,800 para construir casa y no la hizo",Redacción ,Justicia,https://www.elvocero.com/ley-y-orden/justicia/radican-cargos-contra-hombre-que-se-alega-recibi-21-800-para-construir-casa-y-no/article_d5f2bb02-9833-11ed-9f85-13bed9912a8e.html
2023-01-19,“Bajo investigación” nueva querella contra Cosculluela por tuit con letra de Shakira,Josian E. Bruno Gómez Bárbara Sepúlveda ,Justicia,https://www.elvocero.com/ley-y-orden/justicia/bajo-investigaci-n-nueva-querella-contra-cosculluela-por-tuit-con-letra-de-shakira/article_0cc09a36-982b-11ed-b508-f7e9483cf910.html
2023-01-19,"Posponen vista preliminar contra Randy ""Nota Loca""",Peter Amador Peter Amador Izarys Gutiérrez  ,Justicia,https://www.elvocero.com/ley-y-orden/justicia/posponen-vista-preliminar-contra-randy-nota-loca/article_cc82a1e2-97f0-11ed-b52c-e323c34b9691.html
2023-02-02,Hoy exponen argumentos finales en el juicio contra el productor Sixto George,Pedro Menéndez Sanabria ,Federal,https://www.elvocero.com/ley-y-orden/federal/hoy-exponen-argumentos-finales-en-el-juicio-contra-el-productor-sixto-george/article_66829666-a297-11ed-939a-674b85e28371.html
2023-03-08,Joven sufre heridas graves al accidentarse en motora frente a su residencia en Juncos,Redacción ,Policiacas,https://www.elvocero.com/ley-y-orden/policiacas/joven-sufre-heridas-graves-al-accidentarse-en-motora-frente-a-su-residencia-en-juncos/article_413f30a8-bd9f-11ed-a107-17ba413c42e3.html
2023-03-04,Hombre pierde la vida en accidente de carro en Vega Baja,Redacción ,Policiacas,https://www.elvocero.com/ley-y-orden/policiacas/hombre-pierde-la-vida-en-accidente-de-carro-en-vega-baja/article_ffe6ce1c-bacf-11ed-b3c6-bbe74d97950b.html
2023-03-04,Investigan dos carjackings en Toa Baja,Redacción ,Policiacas,https://www.elvocero.com/ley-y-orden/policiacas/investigan-dos-carjackings-en-toa-baja/article_777039fe-bacc-11ed-a7ae-a3a3b19889da.html
2023-03-04,Fallece mujer en accidente de carro en Vega Baja,Redacción ,Policiacas,https://www.elvocero.com/ley-y-orden/policiacas/fallece-mujer-en-accidente-de-carro-en-vega-baja/article_f476d588-bac3-11ed-8f04-7f3ccdf9bd81.html
2023-03-04,Buscan a menor desaparecida en Carolina,Redacción ,Policiacas,https://www.elvocero.com/ley-y-orden/policiacas/buscan-a-menor-desaparecida-en-carolina/article_02636700-bac0-11ed-ac8d-df0cb2bafd54.html
2023-01-17,Radican cargos contra empleado de construcción por alegada agresión a manifestantes en Aguadilla,Redacción ,Justicia,https://www.elvocero.com/ley-y-orden/justicia/radican-cargos-contra-empleado-de-construcci-n-por-alegada-agresi-n-a-manifestantes-en-aguadilla/article_f17401ea-96b4-11ed-a992-d3744fbd6cdc.html
2023-01-17,Poder Judicial se comunicará con jurados de forma electrónica,CyberNews,Justicia,https://www.elvocero.com/ley-y-orden/justicia/poder-judicial-se-comunicar-con-jurados-de-forma-electr-nica/article_4b628cd6-9687-11ed-b379-0b5669d26e65.html
2023-03-04,Sigue la búsqueda de un turista desaparecido en el mar,Redacción ,Policiacas,https://www.elvocero.com/ley-y-orden/policiacas/sigue-la-b-squeda-de-un-turista-desaparecido-en-el-mar/article_6d1f24c8-ba8c-11ed-bfa1-9fa02dee51fc.html
2023-03-04,Dos muertos y dos mujeres heridas en balacera en Gurabo,,Policiacas,https://www.elvocero.com/ley-y-orden/policiacas/dos-muertos-y-dos-mujeres-heridas-en-balacera-en-gurabo/article_7b3dcc80-ba9b-11ed-8985-4ff7afc8e45b.html
2023-03-04,Hombre se quita la vida en Quebradillas,,Policiacas,https://www.elvocero.com/ley-y-orden/policiacas/hombre-se-quita-la-vida-en-quebradillas/article_af7017f8-baad-11ed-a2f2-6fbf4a5cd90d.html
2023-03-03,Buscan a hombre desaparecido en Rincón,Redacción ,Policiacas,https://www.elvocero.com/ley-y-orden/policiacas/buscan-a-hombre-desaparecido-en-rinc-n/article_5a686d98-ba15-11ed-a078-b758f378e96f.html
2023-03-03,"Escalan residencia en Cayey y se apropian de $40,000 en efectivo",Redacción ,Policiacas,https://www.elvocero.com/ley-y-orden/policiacas/escalan-residencia-en-cayey-y-se-apropian-de-40-000-en-efectivo/article_91ed9fb0-ba09-11ed-91f8-a75b10fbd06b.html
2023-03-03,Hallan cadáver de una mujer dentro de un carrito de compras en Río Piedras,Redacción ,Policiacas,https://www.elvocero.com/ley-y-orden/policiacas/hallan-cad-ver-de-una-mujer-dentro-de-un-carrito-de-compras-en-r-o/article_acbf24fc-ba05-11ed-8101-5b90f1738778.html
2023-02-01,"Hermano de Sixto George: ""Después de este evento viene lo peor para ellos y con evidencia""",Peter Amador Redacción ,Hermano-De-Sixto-George-Despu-S-De-Este-Evento-Viene-Lo-Peor-Para-Ellos-Y,https://www.elvocero.com/ley-y-orden/hermano-de-sixto-george-despu-s-de-este-evento-viene-lo-peor-para-ellos-y/article_0baab288-a26e-11ed-9237-1f96b34ca681.html
2023-03-03,Atrapan a joven prófugo y ocupan armas y drogas en Yauco,Redacción ,Policiacas,https://www.elvocero.com/ley-y-orden/policiacas/atrapan-a-joven-pr-fugo-y-ocupan-armas-y-drogas-en-yauco/article_23ded540-b9e9-11ed-a42a-fbcff23e6e13.html
2023-03-03,Arrestan a hombre tratando de robarse catalítico en Bayamón,CyberNews,Policiacas,https://www.elvocero.com/ley-y-orden/policiacas/arrestan-a-hombre-tratando-de-robarse-catal-tico-en-bayam-n/article_8941d50c-b9e6-11ed-a2a6-d30864337b41.html
2023-03-03,Radican cargos contra hombre que tomó por el cuello y agredió a su hijo,Redacción ,Policiacas,https://www.elvocero.com/ley-y-orden/policiacas/radican-cargos-contra-hombre-que-tom-por-el-cuello-y-agredi-a-su-hijo/article_34b5873e-b9cf-11ed-a88c-1375494697e2.html
2023-03-03,Hombre recibe servicio en gomera se va y no lo paga,CyberNews,Policiacas,https://www.elvocero.com/ley-y-orden/policiacas/hombre-recibe-servicio-en-gomera-se-va-y-no-lo-paga/article_11a4d140-b9ad-11ed-9279-9f71da372fb4.html
2023-03-03,Hombre resulta con quemaduras tras explosión de generador eléctrico,CyberNews,Policiacas,https://www.elvocero.com/ley-y-orden/policiacas/hombre-resulta-con-quemaduras-tras-explosi-n-de-generador-el-ctrico/article_7ad690d6-b9c6-11ed-8004-2b42abc786ae.html
2023-03-03,Se roban sortijas de matrimonio de joyería en San Juan,CyberNews,Policiacas,https://www.elvocero.com/ley-y-orden/policiacas/se-roban-sortijas-de-matrimonio-de-joyer-a-en-san-juan/article_95e65caa-b9b0-11ed-85b2-5b67eab5d384.html
2023-03-03,Asesinan a hombre en el patio de su casa en Camuy,CyberNews,Policiacas,https://www.elvocero.com/ley-y-orden/policiacas/asesinan-a-hombre-en-el-patio-de-su-casa-en-camuy/article_24626b18-b9ac-11ed-9865-d3fd1cc81996.html
2023-03-02,Un herido de bala y dos autos quemados en Vieques,Redacción ,Policiacas,https://www.elvocero.com/ley-y-orden/policiacas/un-herido-de-bala-y-dos-autos-quemados-en-vieques/article_f5cabc3a-b8e1-11ed-ab45-178a16f2d23e.html
2023-03-02,Buscan esclarecer crímenes contra niños,Miguel Rivera Puig ,Policiacas,https://www.elvocero.com/ley-y-orden/policiacas/buscan-esclarecer-cr-menes-contra-ni-os/article_086c070a-b8a0-11ed-900d-fb2fc5b85db5.html
2023-03-02,Mueren dos caballos en accidente en Toa Alta,Redacción ,Policiacas,https://www.elvocero.com/ley-y-orden/policiacas/mueren-dos-caballos-en-accidente-en-toa-alta/article_53d07a16-b8e9-11ed-843e-ab5d3ee3b598.html
2023-03-02,Mujer y su hijo de 8 años son víctimas de carjacking en Camuy,Redacción ,Policiacas,https://www.elvocero.com/ley-y-orden/policiacas/mujer-y-su-hijo-de-8-a-os-son-v-ctimas-de-carjacking-en-camuy/article_d0290ea6-b8ea-11ed-8836-4f9d9ce4f1fb.html
2023-03-02,Ultiman a tiros a hombre en Cupey,Redacción ,Policiacas,https://www.elvocero.com/ley-y-orden/policiacas/ultiman-a-tiros-a-hombre-en-cupey/article_8ac0fe30-b8ec-11ed-9b6c-d33c3f422def.html
2023-03-02,Confinado pierde varios dientes en una agresión,Redacción ,Policiacas,https://www.elvocero.com/ley-y-orden/policiacas/confinado-pierde-varios-dientes-en-una-agresi-n/article_8675b4f2-b84b-11ed-a53c-3f3baf215fc0.html
2023-03-02,Asalta restaurante de comida rápida en Bayamón y escapa por ventanilla del servicarro,Redacción ,Policiacas,https://www.elvocero.com/ley-y-orden/policiacas/asalta-restaurante-de-comida-r-pida-en-bayam-n-y-escapa-por-ventanilla-del-servicarro/article_dfedd0ae-b8f6-11ed-8247-73a0ccabecf3.html
2023-03-02,Localizan a joven reportada desaparecida en Ponce,Redacción ,Policiacas,https://www.elvocero.com/ley-y-orden/policiacas/localizan-a-joven-reportada-desaparecida-en-ponce/article_9f6f01b2-b8f9-11ed-ad4a-cb571e69afec.html
2023-03-02,Aumenta en un 40% los carjacking en dos meses,Miguel Rivera Puig ,Policiacas,https://www.elvocero.com/ley-y-orden/policiacas/aumenta-en-un-40-los-carjacking-en-dos-meses/article_1f40f94a-b904-11ed-8933-af5e362cd3ec.html
2023-03-02,Muere confinado en cárcel de Aguadilla,Redacción ,Policiacas,https://www.elvocero.com/ley-y-orden/policiacas/muere-confinado-en-c-rcel-de-aguadilla/article_c825ed74-b902-11ed-a948-eb59a67ba334.html
2023-03-02,Radican cargos contra sujeto por alegado patrón de maltrato,Redacción ,Policiacas,https://www.elvocero.com/ley-y-orden/policiacas/radican-cargos-contra-sujeto-por-alegado-patr-n-de-maltrato/article_ae4cb296-b922-11ed-8b99-fb14984e78b8.html
2023-03-02,Inician persecución a sospechoso de carjacking en Monte Hatillo,Miguel Rivera Puig ,Policiacas,https://www.elvocero.com/ley-y-orden/policiacas/inician-persecuci-n-a-sospechoso-de-carjacking-en-monte-hatillo/article_9d5d4d92-b909-11ed-a203-2fbdf55fcf0e.html
2023-03-01,Arrestan a uno de los más buscados del área de Caguas,Miguel Rivera Puig ,Policiacas,https://www.elvocero.com/ley-y-orden/policiacas/arrestan-a-uno-de-los-m-s-buscados-del-rea-de-caguas/article_73c94528-b87b-11ed-9559-679813b0c7ca.html
2023-03-01,"Incautan más de 2,000 libras de cocaína en la costa sur de Puerto Rico",CyberNews,Policiacas,https://www.elvocero.com/ley-y-orden/policiacas/incautan-m-s-de-2-000-libras-de-coca-na-en-la-costa-sur-de/article_7ec38ae0-b887-11ed-9df1-67e3a5753423.html
2023-03-01,Radican cargos contra hombre por alegadamente apropiarse de baterías de un carrito de Golf,Redacción ,Policiacas,https://www.elvocero.com/ley-y-orden/policiacas/radican-cargos-contra-hombre-por-alegadamente-apropiarse-de-bater-as-de-un-carrito-de-golf/article_a64b77d4-b897-11ed-843f-2fba1f25d7b6.html
2023-02-01,Juez Besosa deniega solicitud de la defensa de Sixto George,Peter Amador Pedro Menéndez Sanabria ,Federal,https://www.elvocero.com/ley-y-orden/federal/juez-besosa-deniega-solicitud-de-la-defensa-de-sixto-george/article_758fac2e-a234-11ed-b2fa-cb8e8864b23b.html
2023-01-16,Exdirector de Transporte Marítimo se declarará culpable,Pedro Menéndez Sanabria ,Justicia,https://www.elvocero.com/ley-y-orden/justicia/exdirector-de-transporte-mar-timo-se-declarar-culpable/article_77d453de-9525-11ed-98db-9b2e88d5af53.html
2023-03-05,Se registran seis asesinatos en el fin de semana,Josian E. Bruno Gómez  ArchivoMiguel Rivera Puig ,Policiacas,https://www.elvocero.com/ley-y-orden/policiacas/se-registran-seis-asesinatos-en-el-fin-de-semana/article_32798772-bb41-11ed-b87a-776e6ea9063b.html
2023-03-01,"Mujer cae en ""pescaito"" por supuesta facturación de servicio de LUMA Energy",CyberNews,Policiacas,https://www.elvocero.com/ley-y-orden/policiacas/mujer-cae-en-pescaito-por-supuesta-facturaci-n-de-servicio-de-luma-energy/article_22f59586-b879-11ed-beb7-5b7d4bca5946.html
2023-03-01,Radican cargos criminales contra hombres que asesinaban por contrato,Miguel Rivera Puig ,Policiacas,https://www.elvocero.com/ley-y-orden/policiacas/radican-cargos-criminales-contra-hombres-que-asesinaban-por-contrato/article_3ee47316-b865-11ed-abf9-977237486dd3.html
2023-03-01,"Asaltan ""fast food"" en Sabana Grande",CyberNews,Policiacas,https://www.elvocero.com/ley-y-orden/policiacas/asaltan-fast-food-en-sabana-grande/article_876bca6a-b85d-11ed-b7a7-633032752454.html
2023-03-01,Policía pagará a agentes deuda de alrededor de $9 millones en horas extras,Miguel Rivera Puig ,Policiacas,https://www.elvocero.com/ley-y-orden/policiacas/polic-a-pagar-a-agentes-deuda-de-alrededor-de-9-millones-en-horas-extras/article_46f9db28-b85a-11ed-b4c5-97e27931850a.html
2023-03-01,Solicitan ayuda para localizar a joven desaparecida en Ponce,Redacción ,Policiacas,https://www.elvocero.com/ley-y-orden/policiacas/solicitan-ayuda-para-localizar-a-joven-desaparecida-en-ponce/article_4525bc5c-b857-11ed-ad5c-37a85a44d730.html
2023-03-01,Policía no descarta negligencia del Departamento de la Familia en caso de bebé con fracturas,Miguel Rivera Puig ,Policiacas,https://www.elvocero.com/ley-y-orden/policiacas/polic-a-no-descarta-negligencia-del-departamento-de-la-familia-en-caso-de-beb-con/article_5879a0ce-b84e-11ed-90a7-5f3088df6995.html
2023-03-01,Arrestan a uno de los más buscados del área de Aibonito,CyberNews,Policiacas,https://www.elvocero.com/ley-y-orden/policiacas/arrestan-a-uno-de-los-m-s-buscados-del-rea-de-aibonito/article_08233dec-b83f-11ed-94d9-b36ab1f47dd3.html
2023-03-01,Federales acusarán a pistoleros que se acostaron en las camas en pleno robo domiciliario,Miguel Rivera Puig ,Policiacas,https://www.elvocero.com/ley-y-orden/policiacas/federales-acusar-n-a-pistoleros-que-se-acostaron-en-las-camas-en-pleno-robo-domiciliario/article_a0b86d70-b82b-11ed-befc-071014768822.html
2023-01-31,Defensa de Sixto George somete su caso sin presentar testigos,Peter Amador Pedro Menéndez Sanabria ,Federal,https://www.elvocero.com/ley-y-orden/federal/defensa-de-sixto-george-somete-su-caso-sin-presentar-testigos/article_11fd0bc2-a18d-11ed-90f6-3b1a20e5fa04.html
2023-03-01,Sospechan que bebé de dos meses con fractura craneal y costillas rotas sufrió maltrato físico,Rafelli González  ,Policiacas,https://www.elvocero.com/ley-y-orden/policiacas/sospechan-que-beb-de-dos-meses-con-fractura-craneal-y-costillas-rotas-sufri-maltrato-f/article_b6ccddf8-b826-11ed-8d75-bbdb44cf81c9.html
2023-03-01,Transportan a bebé de dos meses al Centro Médico con fractura craneal y costillas fracturadas,Rafelli González  ,Policiacas,https://www.elvocero.com/ley-y-orden/policiacas/transportan-a-beb-de-dos-meses-al-centro-m-dico-con-fractura-craneal-y-costillas/article_0be953e2-b823-11ed-ba94-0788472bcb8f.html
2023-03-01,Reportan carjacking en Barceloneta,Redacción ,Policiacas,https://www.elvocero.com/ley-y-orden/policiacas/reportan-carjacking-en-barceloneta/article_fc09b538-b81e-11ed-b451-ef035bac3408.html
2023-03-01,Balean a hombre en Cayey,Redacción ,Policiacas,https://www.elvocero.com/ley-y-orden/policiacas/balean-a-hombre-en-cayey/article_8a14b900-b819-11ed-9004-03ccb0fc3f89.html
2023-02-28,Dos personas pierden la vida en aparatoso accidente en Dorado,Redacción ,Policiacas,https://www.elvocero.com/ley-y-orden/policiacas/dos-personas-pierden-la-vida-en-aparatoso-accidente-en-dorado/article_abbcb834-b7a9-11ed-95a2-77ede1d07c69.html
2023-02-28,Hallan cuerpo calcinado en Arecibo,CyberNews,Policiacas,https://www.elvocero.com/ley-y-orden/policiacas/hallan-cuerpo-calcinado-en-arecibo/article_9de93186-b7a6-11ed-9458-e364392f1db3.html
2023-02-28,Solicitan cooperación de la ciudadanía para dar con el paradero de Waldemar Alexis Santiago Martínez,Redacción ,Policiacas,https://www.elvocero.com/ley-y-orden/policiacas/solicitan-cooperaci-n-de-la-ciudadan-a-para-dar-con-el-paradero-de-waldemar-alexis/article_f4e8b1c6-b799-11ed-a09c-afbb1796c039.html
2023-02-28,Balacera a plena luz del día deja saldo de dos heridos en Naranjito,Miguel Rivera Puig ,Policiacas,https://www.elvocero.com/ley-y-orden/policiacas/balacera-a-plena-luz-del-d-a-deja-saldo-de-dos-heridos-en-naranjito/article_308ca27c-b78c-11ed-a300-1fbf7c581fc8.html
2023-02-28,Conmovedora despedida a niño asesinado en masacre en Cataño,Peter Amador Miguel Rivera Puig ,Policiacas,https://www.elvocero.com/ley-y-orden/policiacas/conmovedora-despedida-a-ni-o-asesinado-en-masacre-en-cata-o/article_a15545e2-b785-11ed-8d81-5f7600ee9956.html
2023-02-28,Individuo se burla de agentes y les roba una patrulla,Miguel Rivera Puig ,Policiacas,https://www.elvocero.com/ley-y-orden/policiacas/individuo-se-burla-de-agentes-y-les-roba-una-patrulla/article_149e8770-b781-11ed-aa9f-6f6a3a2ae557.html
2023-02-28,VÍDEO: Buscan a sospechosos de violento asalto en Ciales,Redacción ,Policiacas,https://www.elvocero.com/ley-y-orden/policiacas/v-deo-buscan-a-sospechosos-de-violento-asalto-en-ciales/article_66f3edc2-b780-11ed-9c7f-ff362ed0136d.html
2023-02-28,Investigan amenaza de bomba en la Universidad Interamericana recinto de San Germán,CyberNews,Policiacas,https://www.elvocero.com/ley-y-orden/policiacas/investigan-amenaza-de-bomba-en-la-universidad-interamericana-recinto-de-san-germ-n/article_f337577a-b77a-11ed-aa17-039b041e89b0.html
2023-02-28,Robo domiciliario en Río Piedras: Ladrones se acostaron a dormir para despistar a los agentes,Miguel Rivera Puig ,Policiacas,https://www.elvocero.com/ley-y-orden/policiacas/robo-domiciliario-en-r-o-piedras-ladrones-se-acostaron-a-dormir-para-despistar-a-los/article_8593a378-b760-11ed-8bf0-6373cc309d9a.html
2023-02-28,Delincuentes cometen dos carjackings en gasolinera en Guaynabo,Redacción ,Policiacas,https://www.elvocero.com/ley-y-orden/policiacas/delincuentes-cometen-dos-carjackings-en-gasolinera-en-guaynabo/article_f403fb62-b767-11ed-b1a1-373c4bc292f8.html
2023-02-28,"Se tumban más de $2,500 en efectivo del interior de vehículo en Humacao",Redacción ,Policiacas,https://www.elvocero.com/ley-y-orden/policiacas/se-tumban-m-s-de-2-500-en-efectivo-del-interior-de-veh-culo-en/article_b29bcf10-b762-11ed-9cdd-0f3ffc14a8db.html
2023-02-28,Policía: En prisión mujer que escondió vehículo y lo reportó robado,CyberNews,Policiacas,https://www.elvocero.com/ley-y-orden/policiacas/polic-a-en-prisi-n-mujer-que-escondi-veh-culo-y-lo-report-robado/article_211c456c-b75b-11ed-988e-3730ca335b90.html
2023-02-28,Procesan a agente por alegado incidente de violencia doméstica,Miguel Rivera Puig ,Policiacas,https://www.elvocero.com/ley-y-orden/policiacas/procesan-a-agente-por-alegado-incidente-de-violencia-dom-stica/article_dd43882a-b758-11ed-92b7-07ef31147a9d.html
2023-01-31,Defensa de Sixto George tendrá su turno hoy,Pedro Menéndez Sanabria ,Federal,https://www.elvocero.com/ley-y-orden/federal/defensa-de-sixto-george-tendr-su-turno-hoy/article_1fedddee-a0ff-11ed-8b22-eb7c6e8dd2ff.html
2023-01-30,"Raúl ""Raulie"" Maldonado amenaza con publicar evidencia",Rafelli González  ,Federal,https://www.elvocero.com/ley-y-orden/federal/ra-l-raulie-maldonado-amenaza-con-publicar-evidencia/article_7d68bcee-a0de-11ed-9a1e-97d38841854d.html
2023-02-28,Identifican a joven asesinado anoche en Guaynabo,Miguel Rivera Puig ,Policiacas,https://www.elvocero.com/ley-y-orden/policiacas/identifican-a-joven-asesinado-anoche-en-guaynabo/article_b5068324-b750-11ed-b687-3b6220472df7.html
2023-02-28,Hieren de bala a turista en Punta Las Marías,Miguel Rivera Puig ,Policiacas,https://www.elvocero.com/ley-y-orden/policiacas/hieren-de-bala-a-turista-en-punta-las-mar-as/article_b529aa9a-b74e-11ed-9a3f-cfe77266db8a.html
2023-02-27,Un hombre muere y otro resulta herido en medio de balacera en Guaynabo,Redacción ,Policiacas,https://www.elvocero.com/ley-y-orden/policiacas/un-hombre-muere-y-otro-resulta-herido-en-medio-de-balacera-en-guaynabo/article_ee3d20f2-b6fc-11ed-b369-a38827994bea.html
2023-02-27,Solicitan cooperación ciudadana para dar con el paradero de un hombre reportado como desaparecido en Morovis,Redacción ,Policiacas,https://www.elvocero.com/ley-y-orden/policiacas/solicitan-cooperaci-n-ciudadana-para-dar-con-el-paradero-de-un-hombre-reportado-como-desaparecido/article_656a599c-b6ee-11ed-853c-57c796bd8845.html
2023-02-27,Presunto autor de feminicidio alertó en llamada que mataría a su pareja,Miguel Rivera Puig ,Policiacas,https://www.elvocero.com/ley-y-orden/policiacas/presunto-autor-de-feminicidio-alert-en-llamada-que-matar-a-a-su-pareja/article_fca1a010-b6ba-11ed-87d6-a73e74d16ce8.html
2023-02-27,Joven turista denuncia que fue agredido sexualmente en Santurce,Miguel Rivera Puig ,Policiacas,https://www.elvocero.com/ley-y-orden/policiacas/joven-turista-denuncia-que-fue-agredido-sexualmente-en-santurce/article_df413fe0-b6b9-11ed-940e-5b17c6fe9bc2.html
2023-02-27,Delinean estrategias para dar con sicarios que mataron a niño en Cataño,Peter Amador Miguel Rivera Puig ,Policiacas,https://www.elvocero.com/ley-y-orden/policiacas/delinean-estrategias-para-dar-con-sicarios-que-mataron-a-ni-o-en-cata-o/article_2343e1a4-b6b3-11ed-9873-1b725ec1981b.html
2023-02-27,Hombre muere arrollado en Arecibo,Redacción ,Policiacas,https://www.elvocero.com/ley-y-orden/policiacas/hombre-muere-arrollado-en-arecibo/article_301e9898-b6b2-11ed-a2a9-3f7f81cc63b9.html
2023-02-27,Arrestan a dos supuestos gatilleros en intervención en Fajardo,Miguel Rivera Puig ,Policiacas,https://www.elvocero.com/ley-y-orden/policiacas/arrestan-a-dos-supuestos-gatilleros-en-intervenci-n-en-fajardo/article_98266f58-b6b0-11ed-bd0e-cfefd4ddcbbf.html
2023-02-27,Menor sale expulsada de auto tras accidente en Juncos,Redacción ,Policiacas,https://www.elvocero.com/ley-y-orden/policiacas/menor-sale-expulsada-de-auto-tras-accidente-en-juncos/article_b173bd88-b6a3-11ed-b76b-135fa4e87e8f.html
2023-02-27,Identifican a víctima de asesinato en Gurabo,Redacción ,Policiacas,https://www.elvocero.com/ley-y-orden/policiacas/identifican-a-v-ctima-de-asesinato-en-gurabo/article_f779b588-b687-11ed-a625-dfa7b70740f0.html
2023-02-27,La Policía investiga carjackings en dos gasolineras,Redacción ,Policiacas,https://www.elvocero.com/ley-y-orden/policiacas/la-polic-a-investiga-carjackings-en-dos-gasolineras/article_d8306cc8-b68f-11ed-b688-377db513efeb.html
2023-02-26,Hombre es agredido por su vecino en Ponce,Redacción ,Policiacas,https://www.elvocero.com/ley-y-orden/policiacas/hombre-es-agredido-por-su-vecino-en-ponce/article_bca9a910-b626-11ed-9158-1b713e6a9b1e.html
2023-02-26,"Raúl ""Raulie"" Maldonado amenaza con publicar evidencia",Redacción ,Policiacas,https://www.elvocero.com/ley-y-orden/policiacas/escalan-residencia-en-bayam-n-y-se-llevan-m-s-de-mil-d-lares/article_7822e99c-b616-11ed-83ec-0712cea70985.html
