fecha,titulo,autor(a),categoria,periodico,region,enlace
2023-03-13,Evaluarán designación para Procuradora de las Mujeres,Redacción,Gobierno,Puerto Rico Posts,Juncos,https://puertoricoposts.com/2023/03/13/evaluaran-designacion-para-procuradora-de-las-mujeres/
2023-03-13,Unionados de la AAA bloquean entrada edificio central,Redacción,Locales,Puerto Rico Posts,Juncos,https://puertoricoposts.com/2023/03/13/unionados-de-la-aaa-bloquean-entrada-edificio-central/
2023-03-13,UPR Bayamón ofrece talleres de desarrollo profesional y laboral,Redacción,educacion,Puerto Rico Posts,Juncos,https://puertoricoposts.com/2023/03/13/upr-bayamon-ofrece-talleres-de-desarrollo-profesional-y-laboral/
2023-03-13,Universidad del Sagrado Corazón anuncia alianza con Coursera,Redacción,educacion,Puerto Rico Posts,Juncos,https://puertoricoposts.com/2023/03/13/universidad-del-sagrado-corazon-anuncia-alianza-con-coursera/
2023-03-13,UPR otorgará distinciones académicas a siete personalidades,Redacción,educacion,Puerto Rico Posts,Juncos,https://puertoricoposts.com/2023/03/13/upr-otorgara-distinciones-academicas-a-siete-personalidades-2/
2023-03-13,Ciencias Médicas anuncia clínicas de salud gratuitas,Redacción,salud,Puerto Rico Posts,Juncos,https://puertoricoposts.com/2023/03/13/ciencias-medicas-anuncia-clinicas-de-salud-gratuitas/
2023-03-13,Consejos para manejar adecuadamente la Incontinencia,Redacción,salud,Puerto Rico Posts,Juncos,https://puertoricoposts.com/2023/03/13/consejos-para-manejar-adecuadamente-la-incontinencia/
2023-03-13,Desalojan Centro Gubernamental de Minillas por fuego,Redacción,seguridad,Puerto Rico Posts,Juncos,https://puertoricoposts.com/2023/03/13/desalojan-centro-gubernamental-de-minillas-por-fuego/
2023-03-13,Ofrecerán examen para licencia de aprendizaje sin acudir al CESCO,Redacción,Locales,Puerto Rico Posts,Juncos,https://puertoricoposts.com/2023/03/13/ofreceran-examen-para-licencia-de-aprendizaje-sin-acudir-al-cesco/
2023-03-10,NMEAD advierte sobre condiciones peligrosas en las playas,Redacción,Locales,Puerto Rico Posts,Juncos,https://puertoricoposts.com/2023/03/10/nmead-advierte-sobre-condiciones-peligrosas-en-las-playas/
2023-03-10,Presentan iniciativa “Calles con Nombre de Mujer”,Redacción,Locales,Puerto Rico Posts,Juncos,https://puertoricoposts.com/2023/03/10/presentan-iniciativa-calles-con-nombre-de-mujer/
2023-03-10,UPR celebra “El Poder de la Mujer en la Ciencia”,Redacción,educacion,Puerto Rico Posts,Juncos,https://puertoricoposts.com/2023/03/10/upr-celebra-el-poder-de-la-mujer-en-la-ciencia/
2023-03-10,Anuncian segunda Cumbre Internacional de Afrodescendencia en la UPR,Redacción,educacion,Puerto Rico Posts,Juncos,https://puertoricoposts.com/2023/03/10/anuncian-segunda-cumbre-internacional-de-afrodescendencia-en-la-upr/
2023-03-10,Maricao convocará voluntarios para evaluar daños causados por incendio,Redacción,Locales,Puerto Rico Posts,Juncos,https://puertoricoposts.com/2023/03/10/maricao-convocara-voluntarios-para-evaluar-danos-causados-por-incendio/
2023-03-10,LUMA anuncia iniciativa para combatir el fraude,Redacción,Locales,Puerto Rico Posts,Juncos,https://puertoricoposts.com/2023/03/10/luma-anuncia-iniciativa-para-combatir-el-fraude/
2023-03-10,PRTEC y Asociación de Agricultores firman acuerdo colaborativo,Redacción,Locales,Puerto Rico Posts,Juncos,https://puertoricoposts.com/2023/03/10/prtec-y-asociacion-de-agricultores-firman-acuerdo-colaborativo/
2023-03-10,Fairmont El San Juan Hotel celebra a la mujer,Redacción,Locales,Puerto Rico Posts,Juncos,https://puertoricoposts.com/2023/03/10/fairmont-el-san-juan-hotel-celebra-a-la-mujer/
2023-03-08,Puertos anuncia frente unido para competir por fondos federales para  mejoras a su infraestructura portuaria de San Juan,Redacción,Locales,Puerto Rico Posts,Juncos,https://puertoricoposts.com/2023/03/08/puertos-anuncia-frente-unido-para-competir-por-fondos-federales-para-mejoras-a-su-infraestructura-portuaria-de-san-juan/
2023-03-08,Manejo de Emergencias comienza adiestramientos sobre preparación previo a la temporada de huracanes 2023 ,Redacción,Gobierno,Puerto Rico Posts,Juncos,https://puertoricoposts.com/2023/03/08/manejo-de-emergencias-comienza-adiestramientos-sobre-preparacion-previo-a-la-temporada-de-huracanes-2023/
2023-03-08,Departamento del trabajo capacita a mujeres y ofrece herramientas para su desarrollo  personal,Redacción,Locales,Puerto Rico Posts,Juncos,https://puertoricoposts.com/2023/03/08/departamento-del-trabajo-capacita-a-mujeres-y-ofrece-herramientas-para-su-desarrollo-personal/
2023-03-08,Becaria promueve el acceso a la justicia para las comunidades de Vieques y Culebra,Redacción,Locales,Puerto Rico Posts,Juncos,https://puertoricoposts.com/2023/03/08/becaria-promueve-el-acceso-a-la-justicia-para-las-comunidades-de-vieques-y-culebra/
2023-03-08,Municipio de San Juan regresa con exitosa iniciativa “San Juan te viste pa’l prom”,Redacción,Locales,Puerto Rico Posts,Juncos,https://puertoricoposts.com/2023/03/08/municipio-de-san-juan-regresa-con-exitosa-iniciativa-san-juan-te-viste-pal-prom/
2023-03-08,Día de la Mujer: El “girl power” que inspira a otras mujeres,Redacción,Locales,Puerto Rico Posts,Juncos,https://puertoricoposts.com/2023/03/08/dia-de-la-mujer-el-girl-power-que-inspira-a-otras-mujeres-5/
2023-03-08,Abre nueva instalación de Medtronic en San Juan,Redacción,Locales,Puerto Rico Posts,Juncos,https://puertoricoposts.com/2023/03/08/abre-nueva-instalacion-de-medtronic-en-san-juan/
2023-03-08,Alcaldesa de Gurabo traza plan contra la criminalidad en conjunto con el Departamento de Seguridad Pública,Redacción,Locales,Puerto Rico Posts,Juncos,https://puertoricoposts.com/2023/03/08/alcaldesa-de-gurabo-traza-plan-contra-la-criminalidad-en-conjunto-con-el-departamento-de-seguridad-publica/
2023-03-08,De la mano de la ley y el orden: CODEPOLA lleva charla de la Ley 168-2019 a la Policía Municipal de Guaynabo,Redacción,Locales,Puerto Rico Posts,Juncos,https://puertoricoposts.com/2023/03/08/de-la-mano-de-la-ley-y-el-orden-codepola-lleva-charla-de-la-ley-168-2019-a-la-policia-municipal-de-guaynabo/
2023-03-08,Día de la Mujer: El “girl power” que inspira a otras mujeres,Jesús I. Feliciano Batista,Locales,Puerto Rico Posts,Juncos,https://puertoricoposts.com/2023/03/08/mujeres-que-inspiran-a-otras-mujeres/
2023-03-08,Día de la Mujer: El “girl power” que inspira a otras mujeres,Jesús I. Feliciano Batista,Locales,Puerto Rico Posts,Juncos,https://puertoricoposts.com/2023/03/08/dia-de-la-mujer-el-girl-power-que-inspira-a-otras-mujeres-3/
2023-03-08,Fajardo dedica semana a la mujer,Redacción,Locales,Puerto Rico Posts,Juncos,https://puertoricoposts.com/2023/03/08/fajardo-dedica-semana-a-la-mujer/
2023-03-08,Día de la Mujer: El “girl power” que inspira a otras mujeres,Jesús I. Feliciano Batista,Locales,Puerto Rico Posts,Juncos,https://puertoricoposts.com/2023/03/08/dia-de-la-mujer-el-girl-power-que-inspira-a-otras-mujeres-4/
2023-03-08,Llega Voces sobre ruedas a los supermercados Econo,Redacción,Locales,Puerto Rico Posts,Juncos,https://puertoricoposts.com/2023/03/08/llega-voces-sobre-ruedas-a-los-supermercados-econo/
2023-03-08,Día de la Mujer: El “girl power” que inspira a otras mujeres,Jesús I. Feliciano Batista,Locales,Puerto Rico Posts,Juncos,https://puertoricoposts.com/2023/03/08/dia-de-la-mujer-el-girl-power-que-inspira-a-otras-mujeres/
2023-03-08,Preocupa al representante Rivera Madera tardanza en implementación Ley de Retiro a Policías,Redacción,Locales,Puerto Rico Posts,Juncos,https://puertoricoposts.com/2023/03/08/preocupa-al-representante-rivera-madera-tardanza-en-implementacion-ley-de-retiro-a-policias/
2023-03-08,Compañías de telecomunicaciones tendrán que incluir  información de contacto de la Oficina Independiente de Protección  al Consumidor en sus facturas,Redacción,Locales,Puerto Rico Posts,Juncos,https://puertoricoposts.com/2023/03/08/companias-de-telecomunicaciones-tendran-que-incluir-informacion-de-contacto-de-la-oficina-independiente-de-proteccion-al-consumidor-en-sus-facturas/
2023-03-08,Desarrollo Cooperativo y la Liga de Cooperativas unen esfuerzos para promover el cooperativismo juvenil,Redacción,Locales,Puerto Rico Posts,Juncos,https://puertoricoposts.com/2023/03/08/desarrollo-cooperativo-y-la-liga-de-cooperativas-unen-esfuerzos-para-promover-el-cooperativismo-juvenil/
2023-03-08,Día de la Mujer: El “girl power” que inspira a otras mujeres,Jesús I. Feliciano Batista,Locales,Puerto Rico Posts,Juncos,https://puertoricoposts.com/2023/03/08/dia-de-la-mujer-el-girl-power-que-inspira-a-otras-mujeres-2/
2023-03-08,Hospital Ashford recibe $500K en donativos  para mantenerse a la vanguardia en sus servicos,Redacción,salud,Puerto Rico Posts,Juncos,https://puertoricoposts.com/2023/03/08/hospital-ashford-recibe-500k-en-donativos-para-mantenerse-a-la-vanguardia-en-sus-servicos/
2023-03-07,Caribe Wave 2023 contempla erupción de volcán en Martinica que provoca tsunami en Puerto Rico ,Redacción,Locales,Puerto Rico Posts,Juncos,https://puertoricoposts.com/2023/03/07/caribe-wave-2023-contempla-erupcion-de-volcan-en-martinica-que-provoca-tsunami-en-puerto-rico/
2023-03-07,Truenan contra la anulación de la Reforma Laboral,Redacción,Locales,Puerto Rico Posts,Juncos,https://puertoricoposts.com/2023/03/07/truenan-contra-la-anulacion-de-la-reforma-laboral/
2023-03-07,Gobernador anuncia nombramiento del nuevo director de PRFAA,Redacción,Gobierno,Puerto Rico Posts,Juncos,https://puertoricoposts.com/2023/03/07/gobernador-anuncia-nombramiento-del-nuevo-director-de-prfaa/
2023-03-07,Cámara de Representantes reconoce gesta musical del maestro Roberto “Bobby” Cruz ,Redacción,Gobierno,Puerto Rico Posts,Juncos,https://puertoricoposts.com/2023/03/07/camara-de-representantes-reconoce-gesta-musical-del-maestro-roberto-bobby-cruz/
2023-03-07,Gobernador destaca oportunidades de inversión en la Isla en Misión Comercial en México,Redacción,Gobierno,Puerto Rico Posts,Juncos,https://puertoricoposts.com/2023/03/07/gobernador-destaca-oportunidades-de-inversion-en-la-isla-en-mision-comercial-en-mexico/
2023-03-07,Presidente de la Cámara informa que apelará anulación de la Reforma Laboral ,Redacción,Gobierno,Puerto Rico Posts,Juncos,https://puertoricoposts.com/2023/03/07/presidente-de-la-camara-informa-que-apelara-anulacion-de-la-reforma-laboral/
2023-03-07,Comisión senatorial investiga planes de trabajo de la Autoridad de Carreteras para la  PR-140,Redacción,Gobierno,Puerto Rico Posts,Juncos,https://puertoricoposts.com/2023/03/07/comision-senatorial-investiga-planes-de-trabajo-de-la-autoridad-de-carreteras-para-la-pr-140/
2023-03-07,UPR de Humacao conversatorio sobre la mujer en el deporte,Redacción,educacion,Puerto Rico Posts,Juncos,https://puertoricoposts.com/2023/03/07/upr-de-humacao-conversatorio-sobre-la-mujer-en-el-deporte/
2023-03-07,Mariposario  unidos por el ambiente  tiene su casa en la escuela secundaria de la UPR,Redacción,educacion,Puerto Rico Posts,Juncos,https://puertoricoposts.com/2023/03/07/mariposario-unidos-por-el-ambiente-tiene-su-casa-en-la-escuela-secundaria-de-la-upr/
2023-03-07,Llega a México la Misión Comercial de Puerto Rico ,Redacción,Gobierno,Puerto Rico Posts,Juncos,https://puertoricoposts.com/2023/03/06/llega-a-mexico-la-mision-comercial-de-puerto-rico/
2023-03-07,"San Patricio entrega donativo de $16,000 a Pet SOS Foundation",Redacción,Locales,Puerto Rico Posts,Juncos,https://puertoricoposts.com/2023/03/07/san-patricio-entrega-donativo-de-16000-a-pet-sos-foundation/
2023-03-07,Fajardo rinde homenaje a deportistas del pueblo,Redacción,Locales,Puerto Rico Posts,Juncos,https://puertoricoposts.com/2023/03/07/fajardo-rinde-homenaje-a-deportistas-del-pueblo/
2023-03-07,Cámara de Representantes amplía su ofensiva en defensa de los derechos laborales,Redacción,Locales,Puerto Rico Posts,Juncos,https://puertoricoposts.com/2023/03/07/camara-de-representantes-amplia-su-ofensiva-en-defensa-de-los-derechos-laborales/
2023-03-07,MMM multiclínica lleva  cuidado especializado a Humacao,Redacción,Locales,Puerto Rico Posts,Juncos,https://puertoricoposts.com/2023/03/07/mmm-multiclinica-lleva-cuidado-especializado-a-humacao/
2023-03-07,‘Inundará’ la Legislatura Municipal de San Juan de propuestas de legislación,Redacción,Locales,Puerto Rico Posts,Juncos,https://puertoricoposts.com/2023/03/07/inundara-la-legislatura-municipal-de-san-juan-de-propuestas-de-legislacion/
2023-03-07,Boston Scientific eleva voces de equidad en la manufactura,Redacción,Locales,Puerto Rico Posts,Juncos,https://puertoricoposts.com/2023/03/07/boston-scientific-eleva-voces-de-equidad-en-la-manufactura/
2023-03-06,Rafael Pérez Colón da el brinco a la televisión,Jesús I. Feliciano Batista,Locales,Puerto Rico Posts,Juncos,https://puertoricoposts.com/2023/03/06/rafael-perez-colon-da-el-brinco-a-la-television/
2023-03-06,Se  espera aguaceros en la tarde   afectando  mayor parte de la Isla,Redacción,Locales,Puerto Rico Posts,Juncos,https://puertoricoposts.com/2023/03/06/se-espera-aguaceros-en-la-tarde-afectando-mayor-parte-de-la-isla/
2023-03-06,Alberto Carrión apoya la infancia de Culebra,Redacción,Locales,Puerto Rico Posts,Juncos,https://puertoricoposts.com/2023/03/06/alberto-carrion-apoya-la-infancia-de-culebra/
2023-03-06,Celebran junte de directoras de medios noticiosos para deliberar sobre el Día Internacional de la Mujer,Redacción,Locales,Puerto Rico Posts,Juncos,https://puertoricoposts.com/2023/03/06/celebran-junte-de-directoras-de-medios-noticiosos-para-deliberar-sobre-el-dia-internacional-de-la-mujer/
2023-03-06,César Vázquez responde a los ataques de Rivera Schatz,Redacción,Locales,Puerto Rico Posts,Juncos,https://puertoricoposts.com/2023/03/06/cesar-vazquez-responde-a-los-ataques-de-rivera-schatz/
2023-03-06,Hombre  impacta  objeto fijo en la avenida Ponce de León,Redacción,seguridad,Puerto Rico Posts,Juncos,https://puertoricoposts.com/2023/03/06/hombre-impacta-objeto-fijo-en-la-avenida-ponce-de-leon/
2023-03-06,! Dona tu traje de noche! Para hacer feliz a una joven en su Senior Prom,Redacción,Locales,Puerto Rico Posts,Juncos,https://puertoricoposts.com/2023/03/06/dona-tu-traje-de-noche-para-hacer-feliz-a-una-joven-en-su-senior-prom/
2023-03-06,Municipio de San Juan reabre el Condado Pet Park,Redacción,Locales,Puerto Rico Posts,Juncos,https://puertoricoposts.com/2023/03/06/municipio-de-san-juan-reabre-el-condado-pet-park/
2023-03-06,Alcalde de Luquillo entrega vales para alquiler bajo el Programa de  Sección 8,Redacción,Locales,Puerto Rico Posts,Juncos,https://puertoricoposts.com/2023/03/06/alcalde-de-luquillo-entrega-vales-para-alquiler-bajo-el-programa-de-seccion-8/
2023-03-06,Caribbean Bridal Expo & Marketplace  presenta las nuevas tendencias nupciales,Redacción,Locales,Puerto Rico Posts,Juncos,https://puertoricoposts.com/2023/03/06/caribbean-bridal-expo-marketplace-presenta-las-nuevas-tendencias-nupciales/
2023-03-04,Pasa tu día en medias sin zapatos: Lanzan campaña en apoyo a población infantil y juvenil con trastorno de procesamiento sensorial,Redacción,Locales,Puerto Rico Posts,Juncos,https://puertoricoposts.com/2023/03/04/pasa-tu-dia-en-medias-sin-zapatos-lanzan-campana-en-apoyo-a-poblacion-infantil-y-juvenil-con-trastorno-de-procesamiento-sensorial/
2023-03-04,Devuelven a 87  dominicanos que intentaron viajar ilegalmente a Puerto Rico,Inter News Service,seguridad,Puerto Rico Posts,Juncos,https://puertoricoposts.com/2023/03/04/devuelven-a-87-dominicanos-que-intentaron-viajar-ilegalmente-a-puerto-rico/
2023-03-04,Municipio de San Juan reconoce a líderes comunitarios,Redacción,Locales,Puerto Rico Posts,Juncos,https://puertoricoposts.com/2023/03/04/municipio-de-san-juan-reconoce-a-lideres-comunitarios/
2023-03-03,UPR – Estudiantes compiten con proyecto de conservación y alta tecnología,Redacción,educacion,Puerto Rico Posts,Juncos,https://puertoricoposts.com/2023/03/03/upr-estudiantes-compiten-con-proyecto-de-conservacion-y-alta-tecnologia/
2023-03-03,Puertorriqueños muestran pesimismo con relación a la economía,Redacción,Locales,Puerto Rico Posts,Juncos,https://puertoricoposts.com/2023/03/03/puertorriquenos-muestran-pesimismo-con-relacion-a-la-economia/
2023-03-03,Caguas anuncia talleres de Trova,Redacción,Locales,Puerto Rico Posts,Juncos,https://puertoricoposts.com/2023/03/03/caguas-anuncia-talleres-de-trova/
2023-03-03,Llega a Plaza del Caribe la exhibición de dona Felisa Rincón de Gautier,Redacción,Locales,Puerto Rico Posts,Juncos,https://puertoricoposts.com/2023/03/03/llega-a-plaza-del-caribe-la-exhibicion-de-dona-felisa-rincon-de-gautier/
2023-03-03,"ASSMCA entrega más de 17,000 kits de naloxona a organizaciones  en la prevención de caso de sobredosis",Redacción,Locales,Puerto Rico Posts,Juncos,https://puertoricoposts.com/2023/03/03/assmca-entrega-mas-de-17000-kits-de-naloxona-a-organizaciones-en-la-prevencion-de-caso-de-sobredosis/
2023-03-02,Representante exige se atiendan los reclamos de la ciudadanía de Corozal ante las pésimas condiciones de la  PR-142,Redacción,Gobierno,Puerto Rico Posts,Juncos,https://puertoricoposts.com/2023/03/02/representante-exige-se-atiendan-los-reclamos-de-la-ciudadania-de-corozal-ante-las-pesimas-condiciones-de-la-pr-142/
2023-03-02,Gobernador Pierluisi participa de ceremonia de naturalización de ciudadanos americanos ,Redacción,Gobierno,Puerto Rico Posts,Juncos,https://puertoricoposts.com/2023/03/02/gobernador-pierluisi-participa-de-ceremonia-de-naturalizacion-de-ciudadanos-americanos/
2023-03-02,Todo un éxito la novena edición de Winter Clash,Redacción,Locales,Puerto Rico Posts,Juncos,https://puertoricoposts.com/2023/03/02/todo-un-exito-la-novena-edicion-de-winter-clash/
2023-03-02,Comisiones senatoriales investigan causas de muertes en instituciones correccionales del país,Redacción,Gobierno,Puerto Rico Posts,Juncos,https://puertoricoposts.com/2023/03/02/comisiones-senatoriales-investigan-causas-de-muertes-en-instituciones-correccionales-del-pais/
2023-03-01,Fundación Ceiba ofrece donativo millonario al RUM,Redacción,educacion,Puerto Rico Posts,Juncos,https://puertoricoposts.com/2023/03/01/fundacion-ceiba-ofrece-donativo-millonario-al-rum/
2023-03-01,Farmacéutica reduce el costo de la insulina,Redacción,salud,Puerto Rico Posts,Juncos,https://puertoricoposts.com/2023/03/01/farmaceutica-reduce-el-costo-de-la-insulina/
2023-03-01,UPR Carolina anuncia bachillerato en Tecnología en Ingeniería Mecatrónica,Redacción,educacion,Puerto Rico Posts,Juncos,https://puertoricoposts.com/2023/03/01/upr-carolina-anuncia-bachillerato-en-tecnologia-en-ingenieria-mecatronica/
2023-03-01,DDEC celebra Feria de Reclutamiento en Área Metro hoy,Redacción,Gobierno,Puerto Rico Posts,Juncos,https://puertoricoposts.com/2023/03/01/ddec-celebra-feria-de-reclutamiento-en-area-metro-hoy/
2023-03-01,Invitan a crear conciencia sobre el cáncer colorrectal,Redacción,salud,Puerto Rico Posts,Juncos,https://puertoricoposts.com/2023/03/01/invitan-a-crear-conciencia-sobre-el-cancer-colorrectal/
2023-03-01,Gobernador anuncia convocatoria para internado Luis A. Ferré,Redacción,educacion,Puerto Rico Posts,Juncos,https://puertoricoposts.com/2023/03/01/gobernador-anuncia-convocatoria-para-internado-luis-a-ferre/
2023-03-01,MMAPA busca conseguir mejoras para Medicare Advantage,Redacción,salud,Puerto Rico Posts,Juncos,https://puertoricoposts.com/2023/03/01/mmapa-busca-conseguir-mejoras-para-medicare-advantage/
2023-02-27,[OPINIÓN] Los derechos para la transición a la vida adulta en educación especial,Redacción,educacion,Puerto Rico Posts,Juncos,https://puertoricoposts.com/2023/02/27/opinion-los-derechos-para-la-transicion-a-la-vida-adulta-en-educacion-especial/
2023-02-27,Reconocen aportaciones de líderes comunitarios en La Fortaleza,Redacción,Gobierno,Puerto Rico Posts,Juncos,https://puertoricoposts.com/2023/02/27/reconocen-aportaciones-de-lideres-comunitarios-en-la-fortaleza/
2023-02-27,"Sobre 110,000 personas viven con demencia en Puerto Rico",Redacción,salud,Puerto Rico Posts,Juncos,https://puertoricoposts.com/2023/02/27/sobre-110000-personas-viven-con-demencia-en-puerto-rico/
2023-02-27,Presentan nuevo ciclo de talleres de artesanías,Redacción,Gobierno,Puerto Rico Posts,Juncos,https://puertoricoposts.com/2023/02/27/presentan-nuevo-ciclo-de-talleres-de-artesanias/
2023-02-27,Sin dinero para pensiones los jubilados de la AEE,Redacción,Gobierno,Puerto Rico Posts,Juncos,https://puertoricoposts.com/2023/02/27/sin-dinero-para-pensiones-los-jubilados-de-la-aee/
2023-02-27,Procuradora de las Personas de Edad Avanzada anuncia actividad educativa,Redacción,Gobierno,Puerto Rico Posts,Juncos,https://puertoricoposts.com/2023/02/27/procuradora-de-las-personas-de-edad-avanzada-anuncia-actividad-educativa/
2023-02-27,Fundación Mellon aprueba subvención multianual a la UPR Cayey,Redacción,educacion,Puerto Rico Posts,Juncos,https://puertoricoposts.com/2023/02/27/fundacion-mellon-aprueba-subvencion-multianual-a-la-upr-cayey/
2023-02-24,UPR invita a explorar nueva colección de Arturo Melero Morant,Redacción,educacion,Puerto Rico Posts,Juncos,https://puertoricoposts.com/2023/02/24/upr-invita-a-explorar-nueva-coleccion-de-arturo-melero-morant/
2023-02-24,Anuncian feria de empleo en escuela pública alianza de San Juan,Redacción,educacion,Puerto Rico Posts,Juncos,https://puertoricoposts.com/2023/02/24/anuncian-feria-de-empleo-en-escuela-publica-alianza-de-san-juan/
2023-02-24,Renuncia de directora de PRFAA,Redacción,Gobierno,Puerto Rico Posts,Juncos,https://puertoricoposts.com/2023/02/24/renuncia-de-directora-de-prfaa/
2023-02-23,Designan a la Dra. Angélica Varela Llavona como rectora en propiedad del Recinto de Río Piedras,Redacción,educacion,Puerto Rico Posts,Juncos,https://puertoricoposts.com/2023/02/23/designan-a-la-dra-angelica-varela-llavona-como-rectora-en-propiedad-del-recinto-de-rio-piedras/
2023-02-23,Jenniffer González celebra la expansión de agencias federales de seguridad en Puerto Rico,Redacción,Gobierno,Puerto Rico Posts,Juncos,https://puertoricoposts.com/2023/02/23/jenniffer-gonzalez-celebra-la-expansion-de-agencias-federales-de-seguridad-en-puerto-rico/
2023-02-23,Pierluisi participa en ceremonia de ascenso a más de 500 agentes a rango de Sargento,Redacción,Gobierno,Puerto Rico Posts,Juncos,https://puertoricoposts.com/2023/02/23/pierluisi-participa-en-ceremonia-de-ascenso-a-mas-de-500-agentes-a-rango-de-sargento/
2023-02-23,Escuela de Enfermería UPR inaugura extensión del centro comunitario en residencial Manuel A. Pérez,Redacción,educacion,Puerto Rico Posts,Juncos,https://puertoricoposts.com/2023/02/23/escuela-de-enfermeria-upr-inaugura-extension-del-centro-comunitario-en-residencial-manuel-a-perez/
2023-02-23,UPR Bayamón activa su Casa Abierta,Redacción,educacion,Puerto Rico Posts,Juncos,https://puertoricoposts.com/2023/02/23/upr-bayamon-activa-su-casa-abierta/
2023-02-22,Gobernador convierte en ley medidas para que delito de agresión sexual conyugal a menores no prescriba y definir la violencia cibernética,Redacción,Gobierno,Puerto Rico Posts,Juncos,https://puertoricoposts.com/2023/02/22/gobernador-convierte-en-ley-medidas-para-que-delito-de-agresion-sexual-conyugal-a-menores-no-prescriba-y-definir-la-violencia-cibernetica/
2023-02-22,Municipio de Mayagüez solicita fondos adicionales para el Centro de Trauma del Oeste,Redacción,Gobierno,Puerto Rico Posts,Juncos,https://puertoricoposts.com/2023/02/22/municipio-de-mayaguez-solicita-fondos-adicionales-para-el-centro-de-trauma-del-oeste/
2023-02-22,Reporteros Positivos lideran su entorno académico y comunitario,Redacción,educacion,Puerto Rico Posts,Juncos,https://puertoricoposts.com/2023/02/22/reporteros-positivos-lideran-su-entorno-academico-y-comunitario/
2023-02-22,Senado avala medida para atender el sinhogarismo en Puerto Rico,Redacción,Gobierno,Puerto Rico Posts,Juncos,https://puertoricoposts.com/2023/02/22/senado-avala-medida-para-atender-el-sinhogarismo-en-puerto-rico/
2023-02-22,Acusan a hombre por agresión sexual contra menor  en Villalba,Redacción,seguridad,Puerto Rico Posts,Juncos,https://puertoricoposts.com/2023/02/22/acusan-a-hombre-por-agresion-sexual-contra-menor-en-villalba/
2023-02-22,"Mario Villegas, es sentenciado a 46 meses de prisión",Luis Alberto Vergara,seguridad,Puerto Rico Posts,Juncos,https://puertoricoposts.com/2023/02/22/mario-villegas-es-sentenciado-a-46-meses-de-prision/
2023-02-22,Andanza universitaria en la UPR de Carolina,Redacción,educacion,Puerto Rico Posts,Juncos,https://puertoricoposts.com/2023/02/22/andanza-universitaria-en-la-upr-de-carolina/
2023-02-22,Asamblea Legislativa rinde homenaje póstumo a policías caídos en el cumplimiento del deber,Redacción,Gobierno,Puerto Rico Posts,Juncos,https://puertoricoposts.com/2023/02/22/asamblea-legislativa-rinde-homenaje-postumo-a-policias-caidos-en-el-cumplimiento-del-deber/
2023-02-22,Preocupados los científicos del RUM por el deterioro acelerado   de la calidad ambiental y las comunidades marinas de la   Reserva Natural de La Parguera,Redacción,educacion,Puerto Rico Posts,Juncos,https://puertoricoposts.com/2023/02/22/preocupados-los-cientificos-del-rum-por-el-deterioro-acelerado-de-la-calidad-ambiental-y-las-comunidades-marinas-de-la-reserva-natural-de-la-parguera/
2023-02-21,Abren convocatoria para la Medalla de la Juventud Puertorriqueña,Redacción,educacion,Puerto Rico Posts,Juncos,https://puertoricoposts.com/2023/02/21/abren-convocatoria-para-la-medalla-de-la-juventud-puertorriquena/
2023-02-21,Caguas presenta competencia artística Juventour Criollo,Redacción,educacion,Puerto Rico Posts,Juncos,https://puertoricoposts.com/2023/02/21/caguas-presenta-competencia-artistica-juventour-criollo/
2023-02-19,Vivienda anuncia periodo de solicitud para proyectos de infraestructura  para mitigar riesgos,Redacción,Gobierno,Puerto Rico Posts,Juncos,https://puertoricoposts.com/2023/02/19/vivienda-anuncia-periodo-de-solicitud-para-proyectos-de-infraestructura-para-mitigar-riesgos/
2023-02-19,Educación a otro nivel en  Robinson School,Redacción,educacion,Puerto Rico Posts,Juncos,https://puertoricoposts.com/2023/02/19/educacion-a-otro-nivel-en-robinson-school/
2023-02-17,Jenniffer González Colón niega en vista pública haber presenciado amenazas contra empleados públicos por haber participado en alguna de sus actividades políticas ,Redacción,Gobierno,Puerto Rico Posts,Juncos,https://puertoricoposts.com/2023/02/17/jenniffer-gonzalez-colon-niega-en-vista-publica-haber-presenciado-amenazas-contra-empleados-publicos-por-haber-participado-en-alguna-de-sus-actividades-politicas/
2023-02-17,Catedrático del Recinto Universitario de Mayagüez de la UPR    recibe reconocimiento tras ser nominado por sus estudiantes ,Redacción,educacion,Puerto Rico Posts,Juncos,https://puertoricoposts.com/2023/02/17/catedratico-del-recinto-universitario-de-mayaguez-de-la-upr-recibe-reconocimiento-tras-ser-nominado-por-sus-estudiantes/
2023-02-17,Estudiantes compiten para crear “jingle” de campaña de prevención,Redacción,educacion,Puerto Rico Posts,Juncos,https://puertoricoposts.com/2023/02/17/estudiantes-compiten-para-crear-jingle-de-campana-de-prevencion/
2023-02-17,Gobierno envía más de $50 millones en reintegros    durante la primera semana del Ciclo Contributivo 2023 ,Redacción,Gobierno,Puerto Rico Posts,Juncos,https://puertoricoposts.com/2023/02/17/gobierno-envia-mas-de-50-millones-en-reintegros-durante-la-primera-semana-del-ciclo-contributivo-2023/
2023-02-16,Comisión de Nombramiento evalúa designación de Nanette Martínez como directora ejecutiva de PRITS,Redacción,Gobierno,Puerto Rico Posts,Juncos,https://puertoricoposts.com/2023/02/16/comision-de-nombramiento-evalua-designacion-de-nanette-martinez-como-directora-ejecutiva-de-prits/
2023-02-16,Representante anuncia publicación de información recibida sobre plan de clasificación y retribución del gobierno,Redacción,Gobierno,Puerto Rico Posts,Juncos,https://puertoricoposts.com/2023/02/16/representante-anuncia-publicacion-de-informacion-recibida-sobre-plan-de-clasificacion-y-retribucion-del-gobierno/
2023-02-16,Gobernador Pierluisi y presidenta de la AAA presentan  mapa interactivo de mejoras capitales,Redacción,Gobierno,Puerto Rico Posts,Juncos,https://puertoricoposts.com/2023/02/16/gobernador-pierluisi-y-presidenta-de-la-aaa-presentan-mapa-interactivo-de-mejoras-capitales/
2023-02-16,Buscan crear “Oasis-Refugios” en las escuelas de Puerto Rico para atender emergencias,Redacción,Gobierno,Puerto Rico Posts,Juncos,https://puertoricoposts.com/2023/02/16/buscan-crear-oasis-refugios-en-las-escuelas-de-puerto-rico-para-atender-emergencias/
2023-02-16,Amanecen cerradas las entradas de 10 recintos de la UPR,Redacción,educacion,Puerto Rico Posts,Juncos,https://puertoricoposts.com/2023/02/16/amanecen-cerradas-las-entradas-de-10-recintos-de-la-upr/
2023-02-16,Centro VITA celebra 20 años de servicio contributivo en la UPR Bayamón,Redacción,educacion,Puerto Rico Posts,Juncos,https://puertoricoposts.com/2023/02/16/centro-vita-celebra-20-anos-de-servicio-contributivo-en-la-upr-bayamon/
2023-02-15,Comisión para Combatir la Pobreza Infantil rinde cuentas a la Cámara ,Redacción,Gobierno,Puerto Rico Posts,Juncos,https://puertoricoposts.com/2023/02/15/comision-para-combatir-la-pobreza-infantil-rinde-cuentas-a-la-camara/
2023-02-15,Feria de estudios graduados en la UPR- Río Piedras,Redacción,educacion,Puerto Rico Posts,Juncos,https://puertoricoposts.com/2023/02/15/feria-de-estudios-graduados-en-la-upr-rio-piedras/
2023-02-15,Persisten problemas con servicios de estudiantes de educación especial,Redacción,Gobierno,Puerto Rico Posts,Juncos,https://puertoricoposts.com/2023/02/15/persisten-problemas-con-servicios-de-estudiantes-de-educacion-especial/
2023-02-15,Discuten medida que busca establecer un plan coordinado para pacientes de diálisis,Redacción,Gobierno,Puerto Rico Posts,Juncos,https://puertoricoposts.com/2023/02/15/discuten-medida-que-busca-establecer-un-plan-coordinado-para-pacientes-de-dialisis/
2023-02-14,Gobernador  anuncia programa para reforzar la lectura entre los niños y jóvenes  ,Redacción,Gobierno,Puerto Rico Posts,Juncos,https://puertoricoposts.com/2023/02/14/gobernador-anuncia-programa-para-reforzar-la-lectura-entre-los-ninos-y-jovenes/
2023-02-14,UPR Carolina  inaugura exhibición de Hiram Montalvo,Redacción,educacion,Puerto Rico Posts,Juncos,https://puertoricoposts.com/2023/02/14/upr-carolina-inaugura-exhibicion-de-hiram-montalvo/
2023-02-14,Cámara de Representantes aprueba medida para apoyar la industria del cine en Puerto Rico,Redacción,Gobierno,Puerto Rico Posts,Juncos,https://puertoricoposts.com/2023/02/14/camara-de-representantes-aprueba-medida-para-apoyar-la-industria-del-cine-en-puerto-rico/
2023-02-14,Agencias gubernamentales muestran reservas para establecer licencia menstrual en el trabajo,Redacción,Gobierno,Puerto Rico Posts,Juncos,https://puertoricoposts.com/2023/02/14/agencias-gubernamentales-muestran-reservas-para-establecer-licencia-menstrual-en-el-trabajo/
2023-02-13,Asigna $7.5 millones para construir Instituto de Investigación Aeroespacial,Redacción,educacion,Puerto Rico Posts,Juncos,https://puertoricoposts.com/2023/02/13/asigna-7-5-millones-para-construir-instituto-de-investigacion-aeroespacial/
2023-02-13,Escuelas de Fajardo continúan con la próxima fase de The Challenge,Redacción,educacion,Puerto Rico Posts,Juncos,https://puertoricoposts.com/2023/02/13/escuelas-de-fajardo-continuan-con-la-proxima-fase-de-the-challenge/
2023-02-13,Aparece Celivelys Rivera Santiago con vida,Redacción,seguridad,Puerto Rico Posts,Juncos,https://puertoricoposts.com/2023/02/13/aparece-celivelys-rivera-santiago-con-vida/
2023-02-13,Institución de Salud Mental anuncia alternativa para atender el aumento de pacientes,Redacción,salud,Puerto Rico Posts,Juncos,https://puertoricoposts.com/2023/02/13/institucion-de-salud-mental-anuncia-alternativa-para-atender-el-aumento-de-pacientes/
2023-02-13,UPR – Empleados convocan a huelga,Redacción,educacion,Puerto Rico Posts,Juncos,https://puertoricoposts.com/2023/02/13/upr-empleados-convocan-a-huelga/
2023-02-13,Policía Municipal de Peñuelas estrenan cámaras corporales,Redacción,seguridad,Puerto Rico Posts,Juncos,https://puertoricoposts.com/2023/02/13/policia-municipal-de-penuelas-estrenan-camaras-corporales/
2023-02-13,Recomiendan FEI para exalcalde de Guaynabo,Redacción,Gobierno,Puerto Rico Posts,Juncos,https://puertoricoposts.com/2023/02/13/recomiendan-fei-para-exalcalde-de-guaynabo/
2023-02-13,Departamento de Educación anuncia primer encuentro de estudiantes ciegos,Redacción,Gobierno,Puerto Rico Posts,Juncos,https://puertoricoposts.com/2023/02/13/departamento-de-educacion-anuncia-primer-encuentro-de-estudiantes-ciegos/
2023-02-13,Gobernador anuncia adelanto de fondos a municipios,Redacción,Gobierno,Puerto Rico Posts,Juncos,https://puertoricoposts.com/2023/02/13/gobernador-anuncia-adelanto-de-fondos-a-municipios/
2023-02-13,Senado busca facilitar la compra de equipos solares,Redacción,Gobierno,Puerto Rico Posts,Juncos,https://puertoricoposts.com/2023/02/13/senado-busca-facilitar-la-compra-de-equipos-solares/
2023-02-10,Jenniffer González impulsa medida bipartita y bicameral para mejorar la eficacia del programa de desechos marinos,Redacción,Gobierno,Puerto Rico Posts,Juncos,https://puertoricoposts.com/2023/02/10/jenniffer-gonzalez-impulsa-medida-bipartita-y-bicameral-para-mejorar-la-eficacia-del-programa-de-desechos-marinos/
2023-02-10,Ocupan maleta con 31 libras de marihuana en aeropuerto Luis Muñoz Marín,Redacción,seguridad,Puerto Rico Posts,Juncos,https://puertoricoposts.com/2023/02/10/ocupan-maleta-con-31-libras-de-marihuana-en-aeropuerto-luis-munoz-marin/
2023-02-10,Autoridad para el Financiamiento de la Vivienda anuncia financiamiento de $56 millones para proyecto de viviendas en Cupey,Redacción,Gobierno,Puerto Rico Posts,Juncos,https://puertoricoposts.com/2023/02/10/autoridad-para-el-financiamiento-de-la-vivienda-anuncia-financiamiento-de-56-millones-para-proyecto-de-viviendas-en-cupey/
2023-02-08,Ciencias Médicas honra a profesionales por su labor con el COVID-19,Redacción,salud,Puerto Rico Posts,Juncos,https://puertoricoposts.com/2023/02/08/ciencias-medicas-honra-a-profesionales-por-su-labor-con-el-covid-19/
2023-02-08,Regresa la competencia para maestros Hack the Class Challenge,Redacción,educacion,Puerto Rico Posts,Juncos,https://puertoricoposts.com/2023/02/08/regresa-la-competencia-para-maestros-hack-the-class-challenge/
2023-02-08,Convocan a maestros de todas las materias a feria de empleo,Redacción,educacion,Puerto Rico Posts,Juncos,https://puertoricoposts.com/2023/02/08/convocan-a-maestros-de-todas-las-materias-a-feria-de-empleo/
2023-02-07,Gobernador anuncia préstamo millonario que promueve el turismo,Redacción,Gobierno,Puerto Rico Posts,Juncos,https://puertoricoposts.com/2023/02/07/gobernador-anuncia-prestamo-millonario-que-promueve-el-turismo/
2023-02-07,UPR Bayamón recibe $350K para mejorar su Laboratorio Preescolar,Redacción,educacion,Puerto Rico Posts,Juncos,https://puertoricoposts.com/2023/02/07/upr-bayamon-recibe-350k-para-mejorar-su-laboratorio-preescolar/
2023-02-06,DDEC continúa con las ferias de reclutamiento,Redacción,Gobierno,Puerto Rico Posts,Juncos,https://puertoricoposts.com/2023/02/06/ddec-continua-con-las-ferias-de-reclutamiento/
2023-02-06,Cheito Rivera Madera a la Junta del PPD,Redacción,Gobierno,Puerto Rico Posts,Juncos,https://puertoricoposts.com/2023/02/06/cheito-rivera-madera-a-la-junta-del-ppd/
2023-02-06,Lanzan campaña en apoyo a población con TPS,Redacción,salud,Puerto Rico Posts,Juncos,https://puertoricoposts.com/2023/02/06/lanzan-campana-en-apoyo-a-poblacion-con-tps/
2023-02-06,Cruz Roja exhorta a capacitarse en RCP,Redacción,salud,Puerto Rico Posts,Juncos,https://puertoricoposts.com/2023/02/06/cruz-roja-exhorta-a-capacitarse-en-rcp/
2023-02-06,[OPINIÓN] ¿Cómo ayudar en el hogar a los niños con rezago en la lectura?,Redacción,educacion,Puerto Rico Posts,Juncos,https://puertoricoposts.com/2023/02/06/opinion-como-ayudar-en-el-hogar-a-los-ninos-con-rezago-en-la-lectura/
2023-02-06,Cadena Radio Universidad celebra sus 43 años de fundación,Redacción,educacion,Puerto Rico Posts,Juncos,https://puertoricoposts.com/2023/02/06/cadena-radio-universidad-celebra-sus-43-anos-de-fundacion/
2023-02-03,Denuncian “traslados involuntarios” de maestros en escuela especializada,Redacción,Gobierno,Puerto Rico Posts,Juncos,https://puertoricoposts.com/2023/02/03/denuncian-traslados-involuntarios-de-maestros-en-escuela-especializada/
2023-02-03,Gobernador puede crear la Ley de Política Pública para la Infraestructura,Redacción,Gobierno,Puerto Rico Posts,Juncos,https://puertoricoposts.com/2023/02/03/gobernador-puede-crear-la-ley-de-politica-publica-para-la-infraestructura/
2023-02-03,Culpable Sixto George de extorsión,Redacción,Gobierno,Puerto Rico Posts,Juncos,https://puertoricoposts.com/2023/02/03/culpable-sixto-george-de-extorsion/
2023-02-03,Profesor de UPR Bayamón revela nueva teoría de la devaluación universal,Redacción,educacion,Puerto Rico Posts,Juncos,https://puertoricoposts.com/2023/02/03/profesor-de-upr-bayamon-revela-nueva-teoria-de-la-devaluacion-universal/
2023-02-03,Proponen legislar charlas de salud en las escuelas públicas,Redacción,educacion,Puerto Rico Posts,Juncos,https://puertoricoposts.com/2023/02/03/proponen-legislar-charlas-de-salud-en-las-escuelas-publicas/
2023-02-03,Firman acuerdo para construir microrred eléctrica en Centro Médico,Redacción,Gobierno,Puerto Rico Posts,Juncos,https://puertoricoposts.com/2023/02/03/firman-acuerdo-para-construir-microrred-electrica-en-centro-medico/
2023-02-02,A evaluación del Senado el contrato de Genera PR,Redacción,Gobierno,Puerto Rico Posts,Juncos,https://puertoricoposts.com/2023/02/02/a-evaluacion-del-senado-el-contrato-de-genera-pr/
2023-02-02,RUM realiza simposio para incrementar el aprovechamiento del estudiantado,Redacción,educacion,Puerto Rico Posts,Juncos,https://puertoricoposts.com/2023/02/02/rum-realiza-simposio-para-incrementar-el-aprovechamiento-del-estudiantado/
2023-02-02,Universidad Albizu recibe prestigiosa subvención para el aprendizaje digital,Redacción,educacion,Puerto Rico Posts,Juncos,https://puertoricoposts.com/2023/02/02/universidad-albizu-recibe-prestigiosa-subvencion-para-el-aprendizaje-digital/
2023-02-02,Fajardo anuncia segunda etapa de competencias entre escuelas superiores,Redacción,educacion,Puerto Rico Posts,Juncos,https://puertoricoposts.com/2023/02/02/fajardo-anuncia-segunda-etapa-de-competencias-entre-escuelas-superiores/
2023-02-02,Escuela de Medicina Dental UPR ofrece servicios gratuitos,Redacción,salud,Puerto Rico Posts,Juncos,https://puertoricoposts.com/2023/02/02/escuela-de-medicina-dental-upr-ofrece-servicios-gratuitos/
2023-02-01,UPR Aguadilla inaugura su nuevo Centro de Educación a Distancia,Redacción,educacion,Puerto Rico Posts,Juncos,https://puertoricoposts.com/2023/02/01/upr-aguadilla-inaugura-su-nuevo-centro-de-educacion-a-distancia/
2023-02-01,UPRH se compromete con terapistas físicos,Redacción,educacion,Puerto Rico Posts,Juncos,https://puertoricoposts.com/2023/02/01/uprh-se-compromete-con-terapistas-fisicos/
2023-02-01,Vieques anuncia feria de salud este fin de semana,Redacción,salud,Puerto Rico Posts,Juncos,https://puertoricoposts.com/2023/02/01/vieques-anuncia-feria-de-salud-este-fin-de-semana/
2023-02-01,COVID-19 – Alertan sobre alto riesgo de transmisión comunitaria,Redacción,salud,Puerto Rico Posts,Juncos,https://puertoricoposts.com/2023/02/01/covid-19-alertan-sobre-alto-riesgo-de-transmision-comunitaria/
2023-01-31,Catedrático del RUM reconocido como AAAS Fellow,Redacción,educacion,Puerto Rico Posts,Juncos,https://puertoricoposts.com/2023/01/31/catedratico-del-rum-reconocido-como-aaas-fellow/
2023-01-30,Celebran el Día Mundial de la Educación Ambiental aprendiendo sobre el reciclaje,Redacción,educacion,Puerto Rico Posts,Juncos,https://puertoricoposts.com/2023/01/30/celebran-el-dia-mundial-de-la-educacion-ambiental-aprendiendo-sobre-el-reciclaje/
2023-01-27,Se gradúan 127 nuevos agentes del Negociado de la Policía,Redacción,seguridad,Puerto Rico Posts,Juncos,https://puertoricoposts.com/2023/01/27/se-graduan-127-nuevos-agentes-del-negociado-de-la-policia/
2023-01-27,UPR Aguadilla invita a su actividad de San Valentín,Redacción,educacion,Puerto Rico Posts,Juncos,https://puertoricoposts.com/2023/01/27/upr-aguadilla-invita-a-su-actividad-de-san-valentin/
2023-01-27,Educación remueve a directora por no proteger víctima de “bullying”,Redacción,educacion,Puerto Rico Posts,Juncos,https://puertoricoposts.com/2023/01/27/educacion-remueve-a-directora-por-no-proteger-victima-de-bullying/
2023-01-26,Hallan  cadáver flotando en Caño Martín Peña,Redacción,seguridad,Puerto Rico Posts,Juncos,https://puertoricoposts.com/2023/01/26/hallan-cadaver-flotando-en-cano-martin-pena/
2023-01-26,Buscan a sujetos que dispararon contra agentes en medio de operación de Vehículos Hurtados,Redacción,seguridad,Puerto Rico Posts,Juncos,https://puertoricoposts.com/2023/01/26/buscan-a-sujetos-que-dispararon-contra-agentes-en-medio-de-operacion-de-vehiculos-hurtados/
2023-01-26,Muere peatón atropellado anoche en Barceloneta,Redacción,seguridad,Puerto Rico Posts,Juncos,https://puertoricoposts.com/2023/01/26/muere-peaton-atropellado-anoche-en-barceloneta/
2023-01-26,Enero es el Mes de Concienciación sobre el Cáncer Cervical,Redacción,salud,Puerto Rico Posts,Juncos,https://puertoricoposts.com/2023/01/26/enero-es-el-mes-de-concienciacion-sobre-el-cancer-cervical/
2023-01-26,Salud reporta  13 muertes más por COVID en la Isla,Redacción,salud,Puerto Rico Posts,Juncos,https://puertoricoposts.com/2023/01/26/salud-reporta-13-muertes-mas-por-covid-en-la-isla/
2023-01-26,Presentan “El Público” una obra de lorca de contenido adulto,Redacción,educacion,Puerto Rico Posts,Juncos,https://puertoricoposts.com/2023/01/26/presentan-el-publico-una-obra-de-lorca-de-contenido-adulto/
2023-01-25,Salud reporta once muertes por COVID-19,Redacción,salud,Puerto Rico Posts,Juncos,https://puertoricoposts.com/2023/01/25/salud-reporta-once-muertes-por-covid-19/
2023-01-25,Hospital UPR habilita la sala de operaciones de cirugía de retina,Redacción,salud,Puerto Rico Posts,Juncos,https://puertoricoposts.com/2023/01/25/hospital-upr-habilita-la-sala-de-operaciones-de-cirugia-de-retina/
2023-01-24,Manifestación en apoyo a matrimonio acosado por vecinos racistas,Inter News Service,seguridad,Puerto Rico Posts,Juncos,https://puertoricoposts.com/2023/01/24/manifestacion-en-apoyo-a-matrimonio-acosado-por-vecinos-racistas/
2023-01-24,Guayama anuncia programa de purificadores de aire contra el COVID-19,Redacción,salud,Puerto Rico Posts,Juncos,https://puertoricoposts.com/2023/01/24/guayama-anuncia-programa-de-purificadores-de-aire-contra-el-covid-19/
2023-01-23,FDA propone hacer vacuna contra el COVID-19 anual,Redacción,salud,Puerto Rico Posts,Juncos,https://puertoricoposts.com/2023/01/23/fda-propone-hacer-vacuna-contra-el-covid-19-anual/
2023-01-20,Dos  hermanos  acusados por hurto de catalítico en San Lorenzo,Redacción,seguridad,Puerto Rico Posts,Juncos,https://puertoricoposts.com/2023/01/20/dos-hermanos-acusados-por-hurto-de-catalitico-en-san-lorenzo/
2023-01-19,Arrestan al líder de la organización criminal “Los Popcorn”,Redacción,seguridad,Puerto Rico Posts,Juncos,https://puertoricoposts.com/2023/01/19/arrestan-al-lider-de-la-organizacion-criminal-los-popcorn/
2023-01-17,Policía interviene con sobre 200 conductores esta semana,Redacción,seguridad,Puerto Rico Posts,Juncos,https://puertoricoposts.com/2023/01/17/policia-interviene-con-sobre-200-conductores-esta-semana/
2023-01-17,Técnica Novel de Radioterapia Intraoperatoria provee la oportunidad de conservar el seno a pacientes de cáncer de mama en etapas tempranas,Redacción,salud,Puerto Rico Posts,Juncos,https://puertoricoposts.com/2023/01/17/tecnica-novel-de-radioterapia-intraoperatoria-provee-la-oportunidad-de-conservar-el-seno-a-pacientes-de-cancer-de-mama-en-etapas-tempranas/
2023-01-17,Investigan asesinato en Santurce,Redacción,seguridad,Puerto Rico Posts,Juncos,https://puertoricoposts.com/2023/01/17/investigan-asesinato-en-santurce/
2023-01-17,Grave mujer que salió expulsada en accidente de auto en Caguas,Redacción,seguridad,Puerto Rico Posts,Juncos,https://puertoricoposts.com/2023/01/17/grave-mujer-que-salio-expulsada-en-accidente-de-auto-en-caguas/
2023-01-17,Mujer víctima de fraude a través de llamada,Redacción,seguridad,Puerto Rico Posts,Juncos,https://puertoricoposts.com/2023/01/17/mujer-victima-de-fraude-a-traves-de-llamada/
2023-01-12,Nueve muertes  por COVID-19 en la Isla,Redacción,salud,Puerto Rico Posts,Juncos,https://puertoricoposts.com/2023/01/12/nueve-muertes-por-covid-19-en-la-isla/
2023-01-11,Alertan sobre modalidad de fraude mediante mensajes de texto para cancelar tarjetas ATH,Redacción,seguridad,Puerto Rico Posts,Juncos,https://puertoricoposts.com/2023/01/11/alertan-sobre-modalidad-de-fraude-mediante-mensajes-de-texto-para-cancelar-tarjetas-ath/
2023-01-09,En estado grave conductor de ‘four track’ accidentado en Vega Alta,Redacción,seguridad,Puerto Rico Posts,Juncos,https://puertoricoposts.com/2023/01/09/en-estado-grave-conductor-de-four-track-accidentado-en-vega-alta/
2023-01-09,Casi en 29 % la tasa de positividad COVID-19 en Puerto Rico,Redacción,salud,Puerto Rico Posts,Juncos,https://puertoricoposts.com/2023/01/09/casi-en-29-la-tasa-de-positividad-covid-19-en-puerto-rico/
2022-12-27,Camuy refuerza seguridad ante celebración del Festival de Máscaras en Hatillo,Redacción,seguridad,Puerto Rico Posts,Juncos,https://puertoricoposts.com/2022/12/27/camuy-refuerza-seguridad-ante-celebracion-del-festival-de-mascaras-en-hatillo/
2022-12-27,Salud informa de tres muertes por COVID-19,Inter News Service,salud,Puerto Rico Posts,Juncos,https://puertoricoposts.com/2022/12/27/salud-informa-de-tres-muertes-por-covid-19/
2022-12-26,Fin de semana violento en la Isla,Redacción,seguridad,Puerto Rico Posts,Juncos,https://puertoricoposts.com/2022/12/26/fin-de-semana-violento-en-la-isla-3/
2022-12-23,Baja el número de muertes por COVID-19,Inter News Service,salud,Puerto Rico Posts,Juncos,https://puertoricoposts.com/2022/12/23/baja-el-numero-de-muertes-por-covid-19/
2022-12-20,Salud reporta 12 muertes por COVID-19,Inter News Service,salud,Puerto Rico Posts,Juncos,https://puertoricoposts.com/2022/12/20/salud-reporta-12-muertes-por-covid-19-3/
2022-12-19,Salud informa de otras siete muertes por COVID-19,Inter News Service,salud,Puerto Rico Posts,Juncos,https://puertoricoposts.com/2022/12/19/salud-informa-de-otras-siete-muertes-por-covid-19/
2022-12-16,Salud informa de otras tres muertes por COVID-19,Inter News Service,salud,Puerto Rico Posts,Juncos,https://puertoricoposts.com/2022/12/16/salud-informa-de-otras-tres-muertes-por-covid-19/
2022-12-15,Salud reporta ocho muertes  por el covid-19,Redacción,salud,Puerto Rico Posts,Juncos,https://puertoricoposts.com/2022/12/15/salud-reporta-ocho-muertes-por-el-covid-19/
2022-12-13,Recinto de Ciencias Médicas exhorta a la ciudadanía a proteger a la población pediátrica para prevenir las lesiones en la época de Navidad,Redacción,salud,Puerto Rico Posts,Juncos,https://puertoricoposts.com/2022/12/13/recinto-de-ciencias-medicas-exhorta-a-la-ciudadania-a-proteger-a-la-poblacion-pediatrica-para-prevenir-las-lesiones-en-la-epoca-de-navidad/
2022-12-13,Salud reporta siete muertes  por COVID-19,Redacción,salud,Puerto Rico Posts,Juncos,https://puertoricoposts.com/2022/12/13/salud-reporta-siete-muertes-por-covid-19-3/
2022-12-12,Asesinan a hombre en Gurabo,Redacción,seguridad,Puerto Rico Posts,Juncos,https://puertoricoposts.com/2022/12/12/asesinan-a-hombre-en-gurabo/
2022-12-12,Encuentran hombre muerto detrás de hospital en Arecibo,Redacción,seguridad,Puerto Rico Posts,Juncos,https://puertoricoposts.com/2022/12/12/encuentran-hombre-muerto-detras-de-hospital-en-arecibo/
2022-12-09,Bomberos lanzan campaña de Navidad Segura,Redacción,seguridad,Puerto Rico Posts,Juncos,https://puertoricoposts.com/2022/12/09/bomberos-lanzan-campana-de-navidad-segura/
2022-12-09,Ciencias Médicas – Celebrarán evento Navidad Segura para Niños,Redacción,salud,Puerto Rico Posts,Juncos,https://puertoricoposts.com/2022/12/09/ciencias-medicas-celebraran-evento-navidad-segura-para-ninos/
2022-12-09,Salud reporta 10 fallecimientos adicionales por COVID-19,Inter News Service,salud,Puerto Rico Posts,Juncos,https://puertoricoposts.com/2022/12/09/salud-reporta-10-fallecimientos-adicionales-por-covid-19/
2022-12-08,Encausan a padre del menor que llevó un arma a escuela,Inter News Service,seguridad,Puerto Rico Posts,Juncos,https://puertoricoposts.com/2022/12/08/encausan-a-padre-del-menor-que-llevo-un-arma-a-escuela/
2022-12-08,UPR – Emerge proyecto de emprendimiento para almacenar medicina,Redacción,salud,Puerto Rico Posts,Juncos,https://puertoricoposts.com/2022/12/08/upr-emerge-proyecto-de-emprendimiento-para-almacenar-medicina/
2022-12-08,Salud informa de otros 10 fallecimientos COVID-19,Inter News Service,salud,Puerto Rico Posts,Juncos,https://puertoricoposts.com/2022/12/08/salud-informa-de-otros-10-fallecimientos-covid-19/
2022-12-07,Solicitan al Gobernador y Educación suspender las clases,Redacción,seguridad,Puerto Rico Posts,Juncos,https://puertoricoposts.com/2022/12/07/solicitan-al-gobernador-y-educacion-suspender-las-clases/
2022-12-07,Salud reporta seis muertes por Covid-19,Inter News Service,salud,Puerto Rico Posts,Juncos,https://puertoricoposts.com/2022/12/07/salud-reporta-seis-muertes-por-covid-19/
2022-12-06,Ultiman de múltiples disparos a un hombre en las parcelas Falú,Inter News Service,seguridad,Puerto Rico Posts,Juncos,https://puertoricoposts.com/2022/12/06/ultiman-de-multiples-disparos-a-un-hombre-en-las-parcelas-falu/
2022-12-06,Salud reporta 16 muertes a por el covid-19,Redacción,salud,Puerto Rico Posts,Juncos,https://puertoricoposts.com/2022/12/06/salud-reporta-16-muertes-a-por-el-covid-19/
2022-12-05,Ciencias Médicas activa proyecto para salvar la voz de pacientes de Parkinson en Puerto Rico,Redacción,salud,Puerto Rico Posts,Juncos,https://puertoricoposts.com/2022/12/05/ciencias-medicas-activa-proyecto-para-salvar-la-voz-de-pacientes-de-parkinson-en-puerto-rico/
2022-12-05,Mujer roba  perfumes de una farmacia en Cupey,Redacción,seguridad,Puerto Rico Posts,Juncos,https://puertoricoposts.com/2022/12/05/mujer-roba-perfumes-de-una-farmacia-en-cupey/
2022-12-02,Advierte sobre condiciones peligrosas del mar este fin de semana,Redacción,seguridad,Puerto Rico Posts,Juncos,https://puertoricoposts.com/2022/12/02/advierte-sobre-condiciones-peligrosas-del-mar-este-fin-de-semana/
2022-12-02,Entidades se unen por el bienestar de pacientes de Alzheimer,Redacción,salud,Puerto Rico Posts,Juncos,https://puertoricoposts.com/2022/12/02/entidades-se-unen-por-el-bienestar-de-pacientes-de-alzheimer/
2022-12-02,Salud reporta siete muertes por COVID-19,Inter News Service,salud,Puerto Rico Posts,Juncos,https://puertoricoposts.com/2022/12/02/salud-reporta-siete-muertes-por-covid-19-2/
2022-12-01,Envían a prisión a hombre de 24 años por violar una orden de protección,Inter News Service,seguridad,Puerto Rico Posts,Juncos,https://puertoricoposts.com/2022/12/01/envian-a-prision-a-hombre-de-24-anos-por-violar-una-orden-de-proteccion/
2022-12-01,El Departamento de Salud reporta nueve muertes por el covid-19,Redacción,salud,Puerto Rico Posts,Juncos,https://puertoricoposts.com/2022/12/01/el-departamento-de-salud-reporta-nueve-muertes-por-el-covid-19/
2022-12-01,"Departamento de Salud lanza campaña educativa “Quiéreme sin Tabú, Mírame sin Tabú, Háblame sin Tabú”",Redacción,salud,Puerto Rico Posts,Juncos,https://puertoricoposts.com/2022/12/01/departamento-de-salud-lanza-campana-educativa-quiereme-sin-tabu-mirame-sin-tabu-hablame-sin-tabu/
2022-11-30,Salud informa de seis fallecimientos por COVID-19,Inter News Service,salud,Puerto Rico Posts,Juncos,https://puertoricoposts.com/2022/11/30/salud-informa-de-seis-fallecimientos-por-covid-19/
2022-11-28,Motociclista en condición crítica  tras accidentarse en Río Grande,Redacción,seguridad,Puerto Rico Posts,Juncos,https://puertoricoposts.com/2022/11/28/motociclista-en-condicion-critica-tras-accidentarse-en-rio-grande/
2022-11-28,Salud reporta una muerte  por el covid-19,Redacción,salud,Puerto Rico Posts,Juncos,https://puertoricoposts.com/2022/11/28/salud-reporta-una-muerte-por-el-covid-19/
2022-11-24,Accidente de tránsito en Hatillo cobra la vida de un joven,Redacción,seguridad,Puerto Rico Posts,Juncos,https://puertoricoposts.com/2022/11/24/accidente-de-transito-en-hatillo-cobra-la-vida-de-un-joven/
2022-11-23,Dos mujeres roban productos de belleza de tienda en Plaza Las Américas,Redacción,seguridad,Puerto Rico Posts,Juncos,https://puertoricoposts.com/2022/11/23/dos-mujeres-roban-productos-de-belleza-de-tienda-en-plaza-las-americas/
2022-11-23,Se registran siete muertes por el covid-19,Redacción,salud,Puerto Rico Posts,Juncos,https://puertoricoposts.com/2022/11/23/se-registran-siete-muertes-por-el-covid-19/
2022-11-23,Radicarán cargos contra los presuntos responsables de la muerte de un militar en Ponce,Redacción,seguridad,Puerto Rico Posts,Juncos,https://puertoricoposts.com/2022/11/23/radicaran-cargos-contra-los-presuntos-responsables-de-la-muerte-de-un-militar-en-ponce/
2022-11-21,Reportan dos muertes por Covid-19,Inter News Service,salud,Puerto Rico Posts,Juncos,https://puertoricoposts.com/2022/11/21/reportan-dos-muertes-por-covid-19/
2022-11-18,Foro revela que violencia de género aumenta en emergencias,Redacción,seguridad,Puerto Rico Posts,Juncos,https://puertoricoposts.com/2022/11/18/foro-revela-que-violencia-de-genero-aumenta-en-emergencias/
2022-11-18,Salud reporta tres muertes por el covid-19,Redacción,salud,Puerto Rico Posts,Juncos,https://puertoricoposts.com/2022/11/18/salud-reporta-tres-muertes-por-el-covid-19-2/
2022-11-18,[VIDEO] Especialista en ortodoncia indaga sobre la importancia de la profesión,Jesús I. Feliciano Batista,salud,Puerto Rico Posts,Juncos,https://puertoricoposts.com/2022/11/18/video-especialista-en-ortodoncia-indaga-sobre-la-importancia-de-la-profesion/
2022-11-17,Salud reporta cuatro muertes por COVID-19,Redacción,salud,Puerto Rico Posts,Juncos,https://puertoricoposts.com/2022/11/17/salud-reporta-cuatro-muertes-por-covid-19-3/
2022-11-16,Fallece confinado de 31 años en la cárcel de Aguadilla,Inter News Service,seguridad,Puerto Rico Posts,Juncos,https://puertoricoposts.com/2022/11/16/fallece-confinado-de-31-anos-en-la-carcel-de-aguadilla/
2022-11-14,Cierran tramo  en la PR – 52  por accidente fatal  en Caguas a Cayey,Redacción,seguridad,Puerto Rico Posts,Juncos,https://puertoricoposts.com/2022/11/14/cierran-tramo-en-la-pr-52-por-accidente-fatal-en-caguas-a-cayey/
2022-11-14,Fallece individuo baleado en Juncos,Inter News Service,seguridad,Puerto Rico Posts,Juncos,https://puertoricoposts.com/2022/11/14/fallece-individuo-baleado-en-juncos/
2022-11-09,Departamento de Salud reporta cinco muertes por COVID-19,Redacción,salud,Puerto Rico Posts,Juncos,https://puertoricoposts.com/2022/11/09/departamento-de-salud-reporta-cinco-muertes-por-covid-19/
2022-11-08,Federales arrestan personas por fraude,Redacción,seguridad,Puerto Rico Posts,Juncos,https://puertoricoposts.com/2022/11/08/12482/
2022-11-03,Reportan carjackings en Humacao y Caguas,Redacción,seguridad,Puerto Rico Posts,Juncos,https://puertoricoposts.com/2022/11/03/reportan-carjackings-en-humacao-y-caguas/
2022-11-03,Conductor atropella a sexagenaria en Carolina,Redacción,seguridad,Puerto Rico Posts,Juncos,https://puertoricoposts.com/2022/11/03/conductor-atropella-a-sexagenaria-en-carolina/
2022-10-31,Humacao establece plan de trabajo para noche de Halloween,Redacción,seguridad,Puerto Rico Posts,Juncos,https://puertoricoposts.com/2022/10/31/humacao-establece-plan-de-trabajo-para-noche-de-halloween/
2022-10-28,Arresto contra policía imputado de atropellar a legisladora municipal en Las Piedras,Redacción,seguridad,Puerto Rico Posts,Juncos,https://puertoricoposts.com/2022/10/28/arresto-contra-policia-imputado-de-atropellar-a-legisladora-municipal-en-las-piedras/
2022-10-27,Encuentran confinado muerto en cárcel de Bayamón,Redacción,seguridad,Puerto Rico Posts,Juncos,https://puertoricoposts.com/2022/10/27/encuentran-confinado-muerto-en-carcel-de-bayamon/
2022-10-27,Sentencian a exdirectores de Obras Públicas de Guayama y Cataño por aceptar sobornos,Redacción,seguridad,Puerto Rico Posts,Juncos,https://puertoricoposts.com/2022/10/27/sentencian-a-exdirectores-de-obras-publicas-de-guayama-y-catano-por-aceptar-sobornos/
2022-10-26,Arrestan a joven por agredir a su padre con un tubo en Yabucoa,Redacción,seguridad,Puerto Rico Posts,Juncos,https://puertoricoposts.com/2022/10/26/arrestan-a-joven-por-agredir-a-su-padre-con-un-tubo-en-yabucoa/
2022-10-25,Muerte de mujer en Río Piedras se investiga bajo protocolo de feminicidio,Redacción,seguridad,Puerto Rico Posts,Juncos,https://puertoricoposts.com/2022/10/25/muerte-de-mujer-en-rio-piedras-se-investiga-bajo-protocolo-de-feminicidio/
2022-10-24,Intervienen con yola que pretendían entrar a Puerto Rico,Redacción,seguridad,Puerto Rico Posts,Juncos,https://puertoricoposts.com/2022/10/24/intervienen-con-yola-que-pretendian-entrar-a-puerto-rico/
